signal_available_at_utc,first_execution_5m_bar_utc,fold,model,p_unsafe_next_42x4h,probability_band,unsafe_call_gt_35pct,gate_state
2024-10-01 00:00:00+00:00,2024-10-01 00:00:00+00:00,11,lightgbm,0.05743953967864285,below_25pct,False,OFF
2024-10-01 04:00:00+00:00,2024-10-01 04:00:00+00:00,11,lightgbm,0.0460708914974067,below_25pct,False,ON
2024-10-01 08:00:00+00:00,2024-10-01 08:00:00+00:00,11,lightgbm,0.039698383289756174,below_25pct,False,ON
2024-10-01 12:00:00+00:00,2024-10-01 12:00:00+00:00,11,lightgbm,0.039349720260505754,below_25pct,False,ON
2024-10-01 16:00:00+00:00,2024-10-01 16:00:00+00:00,11,lightgbm,0.032874903407092565,below_25pct,False,ON
2024-10-01 20:00:00+00:00,2024-10-01 20:00:00+00:00,11,lightgbm,0.07499680206485723,below_25pct,False,ON
2024-10-02 00:00:00+00:00,2024-10-02 00:00:00+00:00,11,lightgbm,0.07274145742064086,below_25pct,False,ON
2024-10-02 04:00:00+00:00,2024-10-02 04:00:00+00:00,11,lightgbm,0.040072932563592005,below_25pct,False,ON
2024-10-02 08:00:00+00:00,2024-10-02 08:00:00+00:00,11,lightgbm,0.043652883160821464,below_25pct,False,ON
2024-10-02 12:00:00+00:00,2024-10-02 12:00:00+00:00,11,lightgbm,0.05203283823621308,below_25pct,False,ON
2024-10-02 16:00:00+00:00,2024-10-02 16:00:00+00:00,11,lightgbm,0.036294276234147466,below_25pct,False,ON
2024-10-02 20:00:00+00:00,2024-10-02 20:00:00+00:00,11,lightgbm,0.055771177657108296,below_25pct,False,ON
2024-10-03 00:00:00+00:00,2024-10-03 00:00:00+00:00,11,lightgbm,0.048950796282685255,below_25pct,False,ON
2024-10-03 04:00:00+00:00,2024-10-03 04:00:00+00:00,11,lightgbm,0.0478870357712115,below_25pct,False,ON
2024-10-03 08:00:00+00:00,2024-10-03 08:00:00+00:00,11,lightgbm,0.03620706990931578,below_25pct,False,ON
2024-10-03 12:00:00+00:00,2024-10-03 12:00:00+00:00,11,lightgbm,0.035556112824205725,below_25pct,False,ON
2024-10-03 16:00:00+00:00,2024-10-03 16:00:00+00:00,11,lightgbm,0.0319707201641658,below_25pct,False,ON
2024-10-03 20:00:00+00:00,2024-10-03 20:00:00+00:00,11,lightgbm,0.03332247390081154,below_25pct,False,ON
2024-10-04 00:00:00+00:00,2024-10-04 00:00:00+00:00,11,lightgbm,0.03466001749617315,below_25pct,False,ON
2024-10-04 04:00:00+00:00,2024-10-04 04:00:00+00:00,11,lightgbm,0.03714722438953127,below_25pct,False,ON
2024-10-04 08:00:00+00:00,2024-10-04 08:00:00+00:00,11,lightgbm,0.040057333165027346,below_25pct,False,ON
2024-10-04 12:00:00+00:00,2024-10-04 12:00:00+00:00,11,lightgbm,0.03805859786250636,below_25pct,False,ON
2024-10-04 16:00:00+00:00,2024-10-04 16:00:00+00:00,11,lightgbm,0.04211219668534136,below_25pct,False,ON
2024-10-04 20:00:00+00:00,2024-10-04 20:00:00+00:00,11,lightgbm,0.04650018582739007,below_25pct,False,ON
2024-10-05 00:00:00+00:00,2024-10-05 00:00:00+00:00,11,lightgbm,0.04316222819776234,below_25pct,False,ON
2024-10-05 04:00:00+00:00,2024-10-05 04:00:00+00:00,11,lightgbm,0.036083043215307135,below_25pct,False,ON
2024-10-05 08:00:00+00:00,2024-10-05 08:00:00+00:00,11,lightgbm,0.036413237511310224,below_25pct,False,ON
2024-10-05 12:00:00+00:00,2024-10-05 12:00:00+00:00,11,lightgbm,0.0352396049900774,below_25pct,False,ON
2024-10-05 16:00:00+00:00,2024-10-05 16:00:00+00:00,11,lightgbm,0.03516995517277294,below_25pct,False,ON
2024-10-05 20:00:00+00:00,2024-10-05 20:00:00+00:00,11,lightgbm,0.03156450604610219,below_25pct,False,ON
2024-10-06 00:00:00+00:00,2024-10-06 00:00:00+00:00,11,lightgbm,0.03379608676734173,below_25pct,False,ON
2024-10-06 04:00:00+00:00,2024-10-06 04:00:00+00:00,11,lightgbm,0.033794421469286386,below_25pct,False,ON
2024-10-06 08:00:00+00:00,2024-10-06 08:00:00+00:00,11,lightgbm,0.03337741815504219,below_25pct,False,ON
2024-10-06 12:00:00+00:00,2024-10-06 12:00:00+00:00,11,lightgbm,0.032376079909895675,below_25pct,False,ON
2024-10-06 16:00:00+00:00,2024-10-06 16:00:00+00:00,11,lightgbm,0.037393986516433275,below_25pct,False,ON
2024-10-06 20:00:00+00:00,2024-10-06 20:00:00+00:00,11,lightgbm,0.03511747530675999,below_25pct,False,ON
2024-10-07 00:00:00+00:00,2024-10-07 00:00:00+00:00,11,lightgbm,0.036878459332618546,below_25pct,False,ON
2024-10-07 04:00:00+00:00,2024-10-07 04:00:00+00:00,11,lightgbm,0.040405029412097046,below_25pct,False,ON
2024-10-07 08:00:00+00:00,2024-10-07 08:00:00+00:00,11,lightgbm,0.04824261166009735,below_25pct,False,ON
2024-10-07 12:00:00+00:00,2024-10-07 12:00:00+00:00,11,lightgbm,0.05092734820617517,below_25pct,False,ON
2024-10-07 16:00:00+00:00,2024-10-07 16:00:00+00:00,11,lightgbm,0.056090001227815725,below_25pct,False,ON
2024-10-07 20:00:00+00:00,2024-10-07 20:00:00+00:00,11,lightgbm,0.05289014824689166,below_25pct,False,ON
2024-10-08 00:00:00+00:00,2024-10-08 00:00:00+00:00,11,lightgbm,0.04805558800798122,below_25pct,False,ON
2024-10-08 04:00:00+00:00,2024-10-08 04:00:00+00:00,11,lightgbm,0.03860242156172387,below_25pct,False,ON
2024-10-08 08:00:00+00:00,2024-10-08 08:00:00+00:00,11,lightgbm,0.04306830997609735,below_25pct,False,ON
2024-10-08 12:00:00+00:00,2024-10-08 12:00:00+00:00,11,lightgbm,0.04495770697033955,below_25pct,False,ON
2024-10-08 16:00:00+00:00,2024-10-08 16:00:00+00:00,11,lightgbm,0.04739555167720779,below_25pct,False,ON
2024-10-08 20:00:00+00:00,2024-10-08 20:00:00+00:00,11,lightgbm,0.049568506463081294,below_25pct,False,ON
2024-10-09 00:00:00+00:00,2024-10-09 00:00:00+00:00,11,lightgbm,0.051015387350687,below_25pct,False,ON
2024-10-09 04:00:00+00:00,2024-10-09 04:00:00+00:00,11,lightgbm,0.0604578428111424,below_25pct,False,ON
2024-10-09 08:00:00+00:00,2024-10-09 08:00:00+00:00,11,lightgbm,0.05162259902079545,below_25pct,False,ON
2024-10-09 12:00:00+00:00,2024-10-09 12:00:00+00:00,11,lightgbm,0.06040130528241565,below_25pct,False,ON
2024-10-09 16:00:00+00:00,2024-10-09 16:00:00+00:00,11,lightgbm,0.05761439244785848,below_25pct,False,ON
2024-10-09 20:00:00+00:00,2024-10-09 20:00:00+00:00,11,lightgbm,0.04504935090857112,below_25pct,False,ON
2024-10-10 00:00:00+00:00,2024-10-10 00:00:00+00:00,11,lightgbm,0.047500822930853434,below_25pct,False,ON
2024-10-10 04:00:00+00:00,2024-10-10 04:00:00+00:00,11,lightgbm,0.04387304629244702,below_25pct,False,ON
2024-10-10 08:00:00+00:00,2024-10-10 08:00:00+00:00,11,lightgbm,0.045496801421014685,below_25pct,False,ON
2024-10-10 12:00:00+00:00,2024-10-10 12:00:00+00:00,11,lightgbm,0.05266371825902813,below_25pct,False,ON
2024-10-10 16:00:00+00:00,2024-10-10 16:00:00+00:00,11,lightgbm,0.04883856434322729,below_25pct,False,ON
2024-10-10 20:00:00+00:00,2024-10-10 20:00:00+00:00,11,lightgbm,0.04563700904003403,below_25pct,False,ON
2024-10-11 00:00:00+00:00,2024-10-11 00:00:00+00:00,11,lightgbm,0.042996379266823564,below_25pct,False,ON
2024-10-11 04:00:00+00:00,2024-10-11 04:00:00+00:00,11,lightgbm,0.04436610839047342,below_25pct,False,ON
2024-10-11 08:00:00+00:00,2024-10-11 08:00:00+00:00,11,lightgbm,0.044497690756701645,below_25pct,False,ON
2024-10-11 12:00:00+00:00,2024-10-11 12:00:00+00:00,11,lightgbm,0.04134888375954605,below_25pct,False,ON
2024-10-11 16:00:00+00:00,2024-10-11 16:00:00+00:00,11,lightgbm,0.03942081898996766,below_25pct,False,ON
2024-10-11 20:00:00+00:00,2024-10-11 20:00:00+00:00,11,lightgbm,0.04784821142090559,below_25pct,False,ON
2024-10-12 00:00:00+00:00,2024-10-12 00:00:00+00:00,11,lightgbm,0.039868008920247854,below_25pct,False,ON
2024-10-12 04:00:00+00:00,2024-10-12 04:00:00+00:00,11,lightgbm,0.037788835166994314,below_25pct,False,ON
2024-10-12 08:00:00+00:00,2024-10-12 08:00:00+00:00,11,lightgbm,0.04313864999055434,below_25pct,False,ON
2024-10-12 12:00:00+00:00,2024-10-12 12:00:00+00:00,11,lightgbm,0.04869039017111657,below_25pct,False,ON
2024-10-12 16:00:00+00:00,2024-10-12 16:00:00+00:00,11,lightgbm,0.049322235149096005,below_25pct,False,ON
2024-10-12 20:00:00+00:00,2024-10-12 20:00:00+00:00,11,lightgbm,0.05325101231264514,below_25pct,False,ON
2024-10-13 00:00:00+00:00,2024-10-13 00:00:00+00:00,11,lightgbm,0.06075951007974183,below_25pct,False,ON
2024-10-13 04:00:00+00:00,2024-10-13 04:00:00+00:00,11,lightgbm,0.06558604070178957,below_25pct,False,ON
2024-10-13 08:00:00+00:00,2024-10-13 08:00:00+00:00,11,lightgbm,0.07185802177362886,below_25pct,False,ON
2024-10-13 12:00:00+00:00,2024-10-13 12:00:00+00:00,11,lightgbm,0.04861737277146053,below_25pct,False,ON
2024-10-13 16:00:00+00:00,2024-10-13 16:00:00+00:00,11,lightgbm,0.06141249285418885,below_25pct,False,ON
2024-10-13 20:00:00+00:00,2024-10-13 20:00:00+00:00,11,lightgbm,0.05604800955725006,below_25pct,False,ON
2024-10-14 00:00:00+00:00,2024-10-14 00:00:00+00:00,11,lightgbm,0.044384720617956085,below_25pct,False,ON
2024-10-14 04:00:00+00:00,2024-10-14 04:00:00+00:00,11,lightgbm,0.0552310748045491,below_25pct,False,ON
2024-10-14 08:00:00+00:00,2024-10-14 08:00:00+00:00,11,lightgbm,0.05920501186350764,below_25pct,False,ON
2024-10-14 12:00:00+00:00,2024-10-14 12:00:00+00:00,11,lightgbm,0.04454390838540429,below_25pct,False,ON
2024-10-14 16:00:00+00:00,2024-10-14 16:00:00+00:00,11,lightgbm,0.05114203083490912,below_25pct,False,ON
2024-10-14 20:00:00+00:00,2024-10-14 20:00:00+00:00,11,lightgbm,0.04953278430119989,below_25pct,False,ON
2024-10-15 00:00:00+00:00,2024-10-15 00:00:00+00:00,11,lightgbm,0.0441903429793466,below_25pct,False,ON
2024-10-15 04:00:00+00:00,2024-10-15 04:00:00+00:00,11,lightgbm,0.050789399119094164,below_25pct,False,ON
2024-10-15 08:00:00+00:00,2024-10-15 08:00:00+00:00,11,lightgbm,0.05069707226236241,below_25pct,False,ON
2024-10-15 12:00:00+00:00,2024-10-15 12:00:00+00:00,11,lightgbm,0.04640578748278731,below_25pct,False,ON
2024-10-15 16:00:00+00:00,2024-10-15 16:00:00+00:00,11,lightgbm,0.05120024730138275,below_25pct,False,ON
2024-10-15 20:00:00+00:00,2024-10-15 20:00:00+00:00,11,lightgbm,0.047716237165900795,below_25pct,False,ON
2024-10-16 00:00:00+00:00,2024-10-16 00:00:00+00:00,11,lightgbm,0.05337455084373482,below_25pct,False,ON
2024-10-16 04:00:00+00:00,2024-10-16 04:00:00+00:00,11,lightgbm,0.057339329029664945,below_25pct,False,ON
2024-10-16 08:00:00+00:00,2024-10-16 08:00:00+00:00,11,lightgbm,0.055219452412206854,below_25pct,False,ON
2024-10-16 12:00:00+00:00,2024-10-16 12:00:00+00:00,11,lightgbm,0.046496381002894376,below_25pct,False,ON
2024-10-16 16:00:00+00:00,2024-10-16 16:00:00+00:00,11,lightgbm,0.04944193028715615,below_25pct,False,ON
2024-10-16 20:00:00+00:00,2024-10-16 20:00:00+00:00,11,lightgbm,0.056639137274161235,below_25pct,False,ON
2024-10-17 00:00:00+00:00,2024-10-17 00:00:00+00:00,11,lightgbm,0.06666176245019816,below_25pct,False,ON
2024-10-17 04:00:00+00:00,2024-10-17 04:00:00+00:00,11,lightgbm,0.060730223272385225,below_25pct,False,ON
2024-10-17 08:00:00+00:00,2024-10-17 08:00:00+00:00,11,lightgbm,0.05877393777577619,below_25pct,False,ON
2024-10-17 12:00:00+00:00,2024-10-17 12:00:00+00:00,11,lightgbm,0.055071958427600154,below_25pct,False,ON
2024-10-17 16:00:00+00:00,2024-10-17 16:00:00+00:00,11,lightgbm,0.057593364996126474,below_25pct,False,ON
2024-10-17 20:00:00+00:00,2024-10-17 20:00:00+00:00,11,lightgbm,0.060262122826400796,below_25pct,False,ON
2024-10-18 00:00:00+00:00,2024-10-18 00:00:00+00:00,11,lightgbm,0.053650553711870635,below_25pct,False,ON
2024-10-18 04:00:00+00:00,2024-10-18 04:00:00+00:00,11,lightgbm,0.056816529568404744,below_25pct,False,ON
2024-10-18 08:00:00+00:00,2024-10-18 08:00:00+00:00,11,lightgbm,0.07249243860669007,below_25pct,False,ON
2024-10-18 12:00:00+00:00,2024-10-18 12:00:00+00:00,11,lightgbm,0.06416452448224153,below_25pct,False,ON
2024-10-18 16:00:00+00:00,2024-10-18 16:00:00+00:00,11,lightgbm,0.04740286792520344,below_25pct,False,ON
2024-10-18 20:00:00+00:00,2024-10-18 20:00:00+00:00,11,lightgbm,0.02887833197112423,below_25pct,False,ON
2024-10-19 00:00:00+00:00,2024-10-19 00:00:00+00:00,11,lightgbm,0.028357114616772077,below_25pct,False,ON
2024-10-19 04:00:00+00:00,2024-10-19 04:00:00+00:00,11,lightgbm,0.028428754489336013,below_25pct,False,ON
2024-10-19 08:00:00+00:00,2024-10-19 08:00:00+00:00,11,lightgbm,0.02889448377224648,below_25pct,False,ON
2024-10-19 12:00:00+00:00,2024-10-19 12:00:00+00:00,11,lightgbm,0.02846824971761924,below_25pct,False,ON
2024-10-19 16:00:00+00:00,2024-10-19 16:00:00+00:00,11,lightgbm,0.028820447042343447,below_25pct,False,ON
2024-10-19 20:00:00+00:00,2024-10-19 20:00:00+00:00,11,lightgbm,0.028551204844095335,below_25pct,False,ON
2024-10-20 00:00:00+00:00,2024-10-20 00:00:00+00:00,11,lightgbm,0.025383647858569988,below_25pct,False,ON
2024-10-20 04:00:00+00:00,2024-10-20 04:00:00+00:00,11,lightgbm,0.025688859370113698,below_25pct,False,ON
2024-10-20 08:00:00+00:00,2024-10-20 08:00:00+00:00,11,lightgbm,0.025524096387222212,below_25pct,False,ON
2024-10-20 12:00:00+00:00,2024-10-20 12:00:00+00:00,11,lightgbm,0.02523913428022816,below_25pct,False,ON
2024-10-20 16:00:00+00:00,2024-10-20 16:00:00+00:00,11,lightgbm,0.027333503850407052,below_25pct,False,ON
2024-10-20 20:00:00+00:00,2024-10-20 20:00:00+00:00,11,lightgbm,0.026464596870582988,below_25pct,False,ON
2024-10-21 00:00:00+00:00,2024-10-21 00:00:00+00:00,11,lightgbm,0.028250003476009727,below_25pct,False,ON
2024-10-21 04:00:00+00:00,2024-10-21 04:00:00+00:00,11,lightgbm,0.026936263789310178,below_25pct,False,ON
2024-10-21 08:00:00+00:00,2024-10-21 08:00:00+00:00,11,lightgbm,0.029609811631255617,below_25pct,False,ON
2024-10-21 12:00:00+00:00,2024-10-21 12:00:00+00:00,11,lightgbm,0.03092437771860152,below_25pct,False,ON
2024-10-21 16:00:00+00:00,2024-10-21 16:00:00+00:00,11,lightgbm,0.046317127224539095,below_25pct,False,ON
2024-10-21 20:00:00+00:00,2024-10-21 20:00:00+00:00,11,lightgbm,0.03901427129780442,below_25pct,False,ON
2024-10-22 00:00:00+00:00,2024-10-22 00:00:00+00:00,11,lightgbm,0.04498017345017035,below_25pct,False,ON
2024-10-22 04:00:00+00:00,2024-10-22 04:00:00+00:00,11,lightgbm,0.04063923804153324,below_25pct,False,ON
2024-10-22 08:00:00+00:00,2024-10-22 08:00:00+00:00,11,lightgbm,0.04702860971650599,below_25pct,False,ON
2024-10-22 12:00:00+00:00,2024-10-22 12:00:00+00:00,11,lightgbm,0.04063923804153324,below_25pct,False,ON
2024-10-22 16:00:00+00:00,2024-10-22 16:00:00+00:00,11,lightgbm,0.04986766932326367,below_25pct,False,ON
2024-10-22 20:00:00+00:00,2024-10-22 20:00:00+00:00,11,lightgbm,0.043448907152455925,below_25pct,False,ON
2024-10-23 00:00:00+00:00,2024-10-23 00:00:00+00:00,11,lightgbm,0.049172585433341,below_25pct,False,ON
2024-10-23 04:00:00+00:00,2024-10-23 04:00:00+00:00,11,lightgbm,0.050127582606539024,below_25pct,False,ON
2024-10-23 08:00:00+00:00,2024-10-23 08:00:00+00:00,11,lightgbm,0.048615261210694816,below_25pct,False,ON
2024-10-23 12:00:00+00:00,2024-10-23 12:00:00+00:00,11,lightgbm,0.050744089294380845,below_25pct,False,ON
2024-10-23 16:00:00+00:00,2024-10-23 16:00:00+00:00,11,lightgbm,0.045922794161574576,below_25pct,False,ON
2024-10-23 20:00:00+00:00,2024-10-23 20:00:00+00:00,11,lightgbm,0.04485287179913585,below_25pct,False,ON
2024-10-24 00:00:00+00:00,2024-10-24 00:00:00+00:00,11,lightgbm,0.04569245918579674,below_25pct,False,ON
2024-10-24 04:00:00+00:00,2024-10-24 04:00:00+00:00,11,lightgbm,0.045754697968000434,below_25pct,False,ON
2024-10-24 08:00:00+00:00,2024-10-24 08:00:00+00:00,11,lightgbm,0.04515196582799745,below_25pct,False,ON
2024-10-24 12:00:00+00:00,2024-10-24 12:00:00+00:00,11,lightgbm,0.04040704793918964,below_25pct,False,ON
2024-10-24 16:00:00+00:00,2024-10-24 16:00:00+00:00,11,lightgbm,0.03894764262391589,below_25pct,False,ON
2024-10-24 20:00:00+00:00,2024-10-24 20:00:00+00:00,11,lightgbm,0.034185869130427746,below_25pct,False,ON
2024-10-25 00:00:00+00:00,2024-10-25 00:00:00+00:00,11,lightgbm,0.03496831058821335,below_25pct,False,ON
2024-10-25 04:00:00+00:00,2024-10-25 04:00:00+00:00,11,lightgbm,0.03405987431581968,below_25pct,False,ON
2024-10-25 08:00:00+00:00,2024-10-25 08:00:00+00:00,11,lightgbm,0.03584102967457048,below_25pct,False,ON
2024-10-25 12:00:00+00:00,2024-10-25 12:00:00+00:00,11,lightgbm,0.03570071502879168,below_25pct,False,ON
2024-10-25 16:00:00+00:00,2024-10-25 16:00:00+00:00,11,lightgbm,0.0349549254137611,below_25pct,False,ON
2024-10-25 20:00:00+00:00,2024-10-25 20:00:00+00:00,11,lightgbm,0.03711248850359484,below_25pct,False,ON
2024-10-26 00:00:00+00:00,2024-10-26 00:00:00+00:00,11,lightgbm,0.04101807452444407,below_25pct,False,ON
2024-10-26 04:00:00+00:00,2024-10-26 04:00:00+00:00,11,lightgbm,0.06720245373002479,below_25pct,False,ON
2024-10-26 08:00:00+00:00,2024-10-26 08:00:00+00:00,11,lightgbm,0.08869788033694592,below_25pct,False,ON
2024-10-26 12:00:00+00:00,2024-10-26 12:00:00+00:00,11,lightgbm,0.08758182815012841,below_25pct,False,ON
2024-10-26 16:00:00+00:00,2024-10-26 16:00:00+00:00,11,lightgbm,0.09009085474974023,below_25pct,False,ON
2024-10-26 20:00:00+00:00,2024-10-26 20:00:00+00:00,11,lightgbm,0.09535648112066158,below_25pct,False,ON
2024-10-27 00:00:00+00:00,2024-10-27 00:00:00+00:00,11,lightgbm,0.07902464736783568,below_25pct,False,ON
2024-10-27 04:00:00+00:00,2024-10-27 04:00:00+00:00,11,lightgbm,0.08748406611417402,below_25pct,False,ON
2024-10-27 08:00:00+00:00,2024-10-27 08:00:00+00:00,11,lightgbm,0.06241457862746961,below_25pct,False,ON
2024-10-27 12:00:00+00:00,2024-10-27 12:00:00+00:00,11,lightgbm,0.0676410606505332,below_25pct,False,ON
2024-10-27 16:00:00+00:00,2024-10-27 16:00:00+00:00,11,lightgbm,0.06901842432301589,below_25pct,False,ON
2024-10-27 20:00:00+00:00,2024-10-27 20:00:00+00:00,11,lightgbm,0.06264660088490574,below_25pct,False,ON
2024-10-28 00:00:00+00:00,2024-10-28 00:00:00+00:00,11,lightgbm,0.05959698903731791,below_25pct,False,ON
2024-10-28 04:00:00+00:00,2024-10-28 04:00:00+00:00,11,lightgbm,0.053788710924759106,below_25pct,False,ON
2024-10-28 08:00:00+00:00,2024-10-28 08:00:00+00:00,11,lightgbm,0.058298784954422506,below_25pct,False,ON
2024-10-28 12:00:00+00:00,2024-10-28 12:00:00+00:00,11,lightgbm,0.06273194036629842,below_25pct,False,ON
2024-10-28 16:00:00+00:00,2024-10-28 16:00:00+00:00,11,lightgbm,0.05771753186813842,below_25pct,False,ON
2024-10-28 20:00:00+00:00,2024-10-28 20:00:00+00:00,11,lightgbm,0.09129138033175525,below_25pct,False,ON
2024-10-29 00:00:00+00:00,2024-10-29 00:00:00+00:00,11,lightgbm,0.08092538195096506,below_25pct,False,ON
2024-10-29 04:00:00+00:00,2024-10-29 04:00:00+00:00,11,lightgbm,0.06819324417592951,below_25pct,False,ON
2024-10-29 08:00:00+00:00,2024-10-29 08:00:00+00:00,11,lightgbm,0.030350854991126608,below_25pct,False,ON
2024-10-29 12:00:00+00:00,2024-10-29 12:00:00+00:00,11,lightgbm,0.03015976729438132,below_25pct,False,ON
2024-10-29 16:00:00+00:00,2024-10-29 16:00:00+00:00,11,lightgbm,0.03242478340182705,below_25pct,False,ON
2024-10-29 20:00:00+00:00,2024-10-29 20:00:00+00:00,11,lightgbm,0.03194156101215578,below_25pct,False,ON
2024-10-30 00:00:00+00:00,2024-10-30 00:00:00+00:00,11,lightgbm,0.032106684544264,below_25pct,False,ON
2024-10-30 04:00:00+00:00,2024-10-30 04:00:00+00:00,11,lightgbm,0.03182597541808545,below_25pct,False,ON
2024-10-30 08:00:00+00:00,2024-10-30 08:00:00+00:00,11,lightgbm,0.03039390749493959,below_25pct,False,ON
2024-10-30 12:00:00+00:00,2024-10-30 12:00:00+00:00,11,lightgbm,0.030420989958551702,below_25pct,False,ON
2024-10-30 16:00:00+00:00,2024-10-30 16:00:00+00:00,11,lightgbm,0.02555304996253626,below_25pct,False,ON
2024-10-30 20:00:00+00:00,2024-10-30 20:00:00+00:00,11,lightgbm,0.026873456273573737,below_25pct,False,ON
2024-10-31 00:00:00+00:00,2024-10-31 00:00:00+00:00,11,lightgbm,0.025559861803760645,below_25pct,False,ON
2024-10-31 04:00:00+00:00,2024-10-31 04:00:00+00:00,11,lightgbm,0.025488885545856828,below_25pct,False,ON
2024-10-31 08:00:00+00:00,2024-10-31 08:00:00+00:00,11,lightgbm,0.024346021780121824,below_25pct,False,ON
2024-10-31 12:00:00+00:00,2024-10-31 12:00:00+00:00,11,lightgbm,0.024985292127181192,below_25pct,False,ON
2024-10-31 16:00:00+00:00,2024-10-31 16:00:00+00:00,11,lightgbm,0.02647522104257468,below_25pct,False,ON
2024-10-31 20:00:00+00:00,2024-10-31 20:00:00+00:00,11,lightgbm,0.032008911379728285,below_25pct,False,ON
2024-11-01 00:00:00+00:00,2024-11-01 00:00:00+00:00,11,lightgbm,0.02971892725702043,below_25pct,False,ON
2024-11-01 04:00:00+00:00,2024-11-01 04:00:00+00:00,11,lightgbm,0.032567882918207634,below_25pct,False,ON
2024-11-01 08:00:00+00:00,2024-11-01 08:00:00+00:00,11,lightgbm,0.03119038783576394,below_25pct,False,ON
2024-11-01 12:00:00+00:00,2024-11-01 12:00:00+00:00,11,lightgbm,0.02968605521832848,below_25pct,False,ON
2024-11-01 16:00:00+00:00,2024-11-01 16:00:00+00:00,11,lightgbm,0.03335956309968428,below_25pct,False,ON
2024-11-01 20:00:00+00:00,2024-11-01 20:00:00+00:00,11,lightgbm,0.03984677129173653,below_25pct,False,ON
2024-11-02 00:00:00+00:00,2024-11-02 00:00:00+00:00,11,lightgbm,0.0456760650032054,below_25pct,False,ON
2024-11-02 04:00:00+00:00,2024-11-02 04:00:00+00:00,11,lightgbm,0.03479225208295733,below_25pct,False,ON
2024-11-02 08:00:00+00:00,2024-11-02 08:00:00+00:00,11,lightgbm,0.034247467067409026,below_25pct,False,ON
2024-11-02 12:00:00+00:00,2024-11-02 12:00:00+00:00,11,lightgbm,0.03337350352194376,below_25pct,False,ON
2024-11-02 16:00:00+00:00,2024-11-02 16:00:00+00:00,11,lightgbm,0.03472670000193314,below_25pct,False,ON
2024-11-02 20:00:00+00:00,2024-11-02 20:00:00+00:00,11,lightgbm,0.03161375957129782,below_25pct,False,ON
2024-11-03 00:00:00+00:00,2024-11-03 00:00:00+00:00,11,lightgbm,0.0317319289507362,below_25pct,False,ON
2024-11-03 04:00:00+00:00,2024-11-03 04:00:00+00:00,11,lightgbm,0.034477182081229664,below_25pct,False,ON
2024-11-03 08:00:00+00:00,2024-11-03 08:00:00+00:00,11,lightgbm,0.033318202138593156,below_25pct,False,ON
2024-11-03 12:00:00+00:00,2024-11-03 12:00:00+00:00,11,lightgbm,0.03099796058266104,below_25pct,False,ON
2024-11-03 16:00:00+00:00,2024-11-03 16:00:00+00:00,11,lightgbm,0.029966583067454443,below_25pct,False,ON
2024-11-03 20:00:00+00:00,2024-11-03 20:00:00+00:00,11,lightgbm,0.029937863846576564,below_25pct,False,ON
2024-11-04 00:00:00+00:00,2024-11-04 00:00:00+00:00,11,lightgbm,0.029447060111873757,below_25pct,False,ON
2024-11-04 04:00:00+00:00,2024-11-04 04:00:00+00:00,11,lightgbm,0.03459596154939271,below_25pct,False,ON
2024-11-04 08:00:00+00:00,2024-11-04 08:00:00+00:00,11,lightgbm,0.04521208812507093,below_25pct,False,ON
2024-11-04 12:00:00+00:00,2024-11-04 12:00:00+00:00,11,lightgbm,0.06386109564668634,below_25pct,False,ON
2024-11-04 16:00:00+00:00,2024-11-04 16:00:00+00:00,11,lightgbm,0.06057064884361124,below_25pct,False,ON
2024-11-04 20:00:00+00:00,2024-11-04 20:00:00+00:00,11,lightgbm,0.042322010158878404,below_25pct,False,ON
2024-11-05 00:00:00+00:00,2024-11-05 00:00:00+00:00,11,lightgbm,0.036060308025965285,below_25pct,False,ON
2024-11-05 04:00:00+00:00,2024-11-05 04:00:00+00:00,11,lightgbm,0.04884022823252434,below_25pct,False,ON
2024-11-05 08:00:00+00:00,2024-11-05 08:00:00+00:00,11,lightgbm,0.0420869610115046,below_25pct,False,ON
2024-11-05 12:00:00+00:00,2024-11-05 12:00:00+00:00,11,lightgbm,0.04124353052925176,below_25pct,False,ON
2024-11-05 16:00:00+00:00,2024-11-05 16:00:00+00:00,11,lightgbm,0.041610712907661176,below_25pct,False,ON
2024-11-05 20:00:00+00:00,2024-11-05 20:00:00+00:00,11,lightgbm,0.03976558753120715,below_25pct,False,ON
2024-11-06 00:00:00+00:00,2024-11-06 00:00:00+00:00,11,lightgbm,0.04294574570320842,below_25pct,False,ON
2024-11-06 04:00:00+00:00,2024-11-06 04:00:00+00:00,11,lightgbm,0.06525240111426805,below_25pct,False,ON
2024-11-06 08:00:00+00:00,2024-11-06 08:00:00+00:00,11,lightgbm,0.06842480186919427,below_25pct,False,ON
2024-11-06 12:00:00+00:00,2024-11-06 12:00:00+00:00,11,lightgbm,0.07970243186492092,below_25pct,False,ON
2024-11-06 16:00:00+00:00,2024-11-06 16:00:00+00:00,11,lightgbm,0.0312727030988331,below_25pct,False,ON
2024-11-06 20:00:00+00:00,2024-11-06 20:00:00+00:00,11,lightgbm,0.03138820481353659,below_25pct,False,ON
2024-11-07 00:00:00+00:00,2024-11-07 00:00:00+00:00,11,lightgbm,0.029076517715242126,below_25pct,False,ON
2024-11-07 04:00:00+00:00,2024-11-07 04:00:00+00:00,11,lightgbm,0.03492545407282411,below_25pct,False,ON
2024-11-07 08:00:00+00:00,2024-11-07 08:00:00+00:00,11,lightgbm,0.03492620168256065,below_25pct,False,ON
2024-11-07 12:00:00+00:00,2024-11-07 12:00:00+00:00,11,lightgbm,0.035028589991123786,below_25pct,False,ON
2024-11-07 16:00:00+00:00,2024-11-07 16:00:00+00:00,11,lightgbm,0.033243919091423824,below_25pct,False,ON
2024-11-07 20:00:00+00:00,2024-11-07 20:00:00+00:00,11,lightgbm,0.03448532074607698,below_25pct,False,ON
2024-11-08 00:00:00+00:00,2024-11-08 00:00:00+00:00,11,lightgbm,0.03185668053837889,below_25pct,False,ON
2024-11-08 04:00:00+00:00,2024-11-08 04:00:00+00:00,11,lightgbm,0.03352315622041319,below_25pct,False,ON
2024-11-08 08:00:00+00:00,2024-11-08 08:00:00+00:00,11,lightgbm,0.033945227194882556,below_25pct,False,ON
2024-11-08 12:00:00+00:00,2024-11-08 12:00:00+00:00,11,lightgbm,0.03399922645338878,below_25pct,False,ON
2024-11-08 16:00:00+00:00,2024-11-08 16:00:00+00:00,11,lightgbm,0.036475581903729466,below_25pct,False,ON
2024-11-08 20:00:00+00:00,2024-11-08 20:00:00+00:00,11,lightgbm,0.03792892487875398,below_25pct,False,ON
2024-11-09 00:00:00+00:00,2024-11-09 00:00:00+00:00,11,lightgbm,0.03592339853951104,below_25pct,False,ON
2024-11-09 04:00:00+00:00,2024-11-09 04:00:00+00:00,11,lightgbm,0.032028739620089265,below_25pct,False,ON
2024-11-09 08:00:00+00:00,2024-11-09 08:00:00+00:00,11,lightgbm,0.028721537028981635,below_25pct,False,ON
2024-11-09 12:00:00+00:00,2024-11-09 12:00:00+00:00,11,lightgbm,0.02720703629625411,below_25pct,False,ON
2024-11-09 16:00:00+00:00,2024-11-09 16:00:00+00:00,11,lightgbm,0.026559483749121378,below_25pct,False,ON
2024-11-09 20:00:00+00:00,2024-11-09 20:00:00+00:00,11,lightgbm,0.02624328826367631,below_25pct,False,ON
2024-11-10 00:00:00+00:00,2024-11-10 00:00:00+00:00,11,lightgbm,0.023742911701831414,below_25pct,False,ON
2024-11-10 04:00:00+00:00,2024-11-10 04:00:00+00:00,11,lightgbm,0.028430037036512645,below_25pct,False,ON
2024-11-10 08:00:00+00:00,2024-11-10 08:00:00+00:00,11,lightgbm,0.036528780479610605,below_25pct,False,ON
2024-11-10 12:00:00+00:00,2024-11-10 12:00:00+00:00,11,lightgbm,0.03377833471780421,below_25pct,False,ON
2024-11-10 16:00:00+00:00,2024-11-10 16:00:00+00:00,11,lightgbm,0.03117363501798484,below_25pct,False,ON
2024-11-10 20:00:00+00:00,2024-11-10 20:00:00+00:00,11,lightgbm,0.024804867522036696,below_25pct,False,ON
2024-11-11 00:00:00+00:00,2024-11-11 00:00:00+00:00,11,lightgbm,0.03009571813098723,below_25pct,False,ON
2024-11-11 04:00:00+00:00,2024-11-11 04:00:00+00:00,11,lightgbm,0.026136088705748337,below_25pct,False,ON
2024-11-11 08:00:00+00:00,2024-11-11 08:00:00+00:00,11,lightgbm,0.027295947945798895,below_25pct,False,ON
2024-11-11 12:00:00+00:00,2024-11-11 12:00:00+00:00,11,lightgbm,0.02703905705247932,below_25pct,False,ON
2024-11-11 16:00:00+00:00,2024-11-11 16:00:00+00:00,11,lightgbm,0.033703135111676094,below_25pct,False,ON
2024-11-11 20:00:00+00:00,2024-11-11 20:00:00+00:00,11,lightgbm,0.041658890966535425,below_25pct,False,ON
2024-11-12 00:00:00+00:00,2024-11-12 00:00:00+00:00,11,lightgbm,0.03653745230114341,below_25pct,False,ON
2024-11-12 04:00:00+00:00,2024-11-12 04:00:00+00:00,11,lightgbm,0.03016833188136141,below_25pct,False,ON
2024-11-12 08:00:00+00:00,2024-11-12 08:00:00+00:00,11,lightgbm,0.03042735939404115,below_25pct,False,ON
2024-11-12 12:00:00+00:00,2024-11-12 12:00:00+00:00,11,lightgbm,0.02345033285454315,below_25pct,False,ON
2024-11-12 16:00:00+00:00,2024-11-12 16:00:00+00:00,11,lightgbm,0.024147283007062627,below_25pct,False,ON
2024-11-12 20:00:00+00:00,2024-11-12 20:00:00+00:00,11,lightgbm,0.028222220733360514,below_25pct,False,ON
2024-11-13 00:00:00+00:00,2024-11-13 00:00:00+00:00,11,lightgbm,0.027380953639976276,below_25pct,False,ON
2024-11-13 04:00:00+00:00,2024-11-13 04:00:00+00:00,11,lightgbm,0.03646467473933462,below_25pct,False,ON
2024-11-13 08:00:00+00:00,2024-11-13 08:00:00+00:00,11,lightgbm,0.03810154509345492,below_25pct,False,ON
2024-11-13 12:00:00+00:00,2024-11-13 12:00:00+00:00,11,lightgbm,0.03481284919099823,below_25pct,False,ON
2024-11-13 16:00:00+00:00,2024-11-13 16:00:00+00:00,11,lightgbm,0.031797236596915586,below_25pct,False,ON
2024-11-13 20:00:00+00:00,2024-11-13 20:00:00+00:00,11,lightgbm,0.03071166802908315,below_25pct,False,ON
2024-11-14 00:00:00+00:00,2024-11-14 00:00:00+00:00,11,lightgbm,0.030211981577692292,below_25pct,False,ON
2024-11-14 04:00:00+00:00,2024-11-14 04:00:00+00:00,11,lightgbm,0.026801413591014154,below_25pct,False,ON
2024-11-14 08:00:00+00:00,2024-11-14 08:00:00+00:00,11,lightgbm,0.026853532938956957,below_25pct,False,ON
2024-11-14 12:00:00+00:00,2024-11-14 12:00:00+00:00,11,lightgbm,0.03297217595915377,below_25pct,False,ON
2024-11-14 16:00:00+00:00,2024-11-14 16:00:00+00:00,11,lightgbm,0.03956469922753628,below_25pct,False,ON
2024-11-14 20:00:00+00:00,2024-11-14 20:00:00+00:00,11,lightgbm,0.04298339649982158,below_25pct,False,ON
2024-11-15 00:00:00+00:00,2024-11-15 00:00:00+00:00,11,lightgbm,0.047516746083997585,below_25pct,False,ON
2024-11-15 04:00:00+00:00,2024-11-15 04:00:00+00:00,11,lightgbm,0.03898754857177652,below_25pct,False,ON
2024-11-15 08:00:00+00:00,2024-11-15 08:00:00+00:00,11,lightgbm,0.040717163216771025,below_25pct,False,ON
2024-11-15 12:00:00+00:00,2024-11-15 12:00:00+00:00,11,lightgbm,0.04643475614238986,below_25pct,False,ON
2024-11-15 16:00:00+00:00,2024-11-15 16:00:00+00:00,11,lightgbm,0.039543112047029864,below_25pct,False,ON
2024-11-15 20:00:00+00:00,2024-11-15 20:00:00+00:00,11,lightgbm,0.04450017445446022,below_25pct,False,ON
2024-11-16 00:00:00+00:00,2024-11-16 00:00:00+00:00,11,lightgbm,0.04276320591365685,below_25pct,False,ON
2024-11-16 04:00:00+00:00,2024-11-16 04:00:00+00:00,11,lightgbm,0.043444027131896566,below_25pct,False,ON
2024-11-16 08:00:00+00:00,2024-11-16 08:00:00+00:00,11,lightgbm,0.04380101412032617,below_25pct,False,ON
2024-11-16 12:00:00+00:00,2024-11-16 12:00:00+00:00,11,lightgbm,0.04048472404363088,below_25pct,False,ON
2024-11-16 16:00:00+00:00,2024-11-16 16:00:00+00:00,11,lightgbm,0.0415977476582056,below_25pct,False,ON
2024-11-16 20:00:00+00:00,2024-11-16 20:00:00+00:00,11,lightgbm,0.04370736094778195,below_25pct,False,ON
2024-11-17 00:00:00+00:00,2024-11-17 00:00:00+00:00,11,lightgbm,0.05321186802558687,below_25pct,False,ON
2024-11-17 04:00:00+00:00,2024-11-17 04:00:00+00:00,11,lightgbm,0.05427181373924149,below_25pct,False,ON
2024-11-17 08:00:00+00:00,2024-11-17 08:00:00+00:00,11,lightgbm,0.0452358766085903,below_25pct,False,ON
2024-11-17 12:00:00+00:00,2024-11-17 12:00:00+00:00,11,lightgbm,0.0449169623432432,below_25pct,False,ON
2024-11-17 16:00:00+00:00,2024-11-17 16:00:00+00:00,11,lightgbm,0.053032921271777105,below_25pct,False,ON
2024-11-17 20:00:00+00:00,2024-11-17 20:00:00+00:00,11,lightgbm,0.05569768705502689,below_25pct,False,ON
2024-11-18 00:00:00+00:00,2024-11-18 00:00:00+00:00,11,lightgbm,0.05856010676596234,below_25pct,False,ON
2024-11-18 04:00:00+00:00,2024-11-18 04:00:00+00:00,11,lightgbm,0.051603994784793474,below_25pct,False,ON
2024-11-18 08:00:00+00:00,2024-11-18 08:00:00+00:00,11,lightgbm,0.053097340694347586,below_25pct,False,ON
2024-11-18 12:00:00+00:00,2024-11-18 12:00:00+00:00,11,lightgbm,0.044872686375064016,below_25pct,False,ON
2024-11-18 16:00:00+00:00,2024-11-18 16:00:00+00:00,11,lightgbm,0.060002660260413246,below_25pct,False,ON
2024-11-18 20:00:00+00:00,2024-11-18 20:00:00+00:00,11,lightgbm,0.04554612294568761,below_25pct,False,ON
2024-11-19 00:00:00+00:00,2024-11-19 00:00:00+00:00,11,lightgbm,0.04362556614536178,below_25pct,False,ON
2024-11-19 04:00:00+00:00,2024-11-19 04:00:00+00:00,11,lightgbm,0.040459161168870224,below_25pct,False,ON
2024-11-19 08:00:00+00:00,2024-11-19 08:00:00+00:00,11,lightgbm,0.04175642507933002,below_25pct,False,ON
2024-11-19 12:00:00+00:00,2024-11-19 12:00:00+00:00,11,lightgbm,0.0454772079344632,below_25pct,False,ON
2024-11-19 16:00:00+00:00,2024-11-19 16:00:00+00:00,11,lightgbm,0.05234755716108543,below_25pct,False,ON
2024-11-19 20:00:00+00:00,2024-11-19 20:00:00+00:00,11,lightgbm,0.07932970675914382,below_25pct,False,ON
2024-11-20 00:00:00+00:00,2024-11-20 00:00:00+00:00,11,lightgbm,0.052828765338983535,below_25pct,False,ON
2024-11-20 04:00:00+00:00,2024-11-20 04:00:00+00:00,11,lightgbm,0.05357963582713929,below_25pct,False,ON
2024-11-20 08:00:00+00:00,2024-11-20 08:00:00+00:00,11,lightgbm,0.0510449942077674,below_25pct,False,ON
2024-11-20 12:00:00+00:00,2024-11-20 12:00:00+00:00,11,lightgbm,0.0572425639031258,below_25pct,False,ON
2024-11-20 16:00:00+00:00,2024-11-20 16:00:00+00:00,11,lightgbm,0.06773081650907638,below_25pct,False,ON
2024-11-20 20:00:00+00:00,2024-11-20 20:00:00+00:00,11,lightgbm,0.07221855158839198,below_25pct,False,ON
2024-11-21 00:00:00+00:00,2024-11-21 00:00:00+00:00,11,lightgbm,0.07096953278828398,below_25pct,False,ON
2024-11-21 04:00:00+00:00,2024-11-21 04:00:00+00:00,11,lightgbm,0.06642230699457269,below_25pct,False,ON
2024-11-21 08:00:00+00:00,2024-11-21 08:00:00+00:00,11,lightgbm,0.0616483533055665,below_25pct,False,ON
2024-11-21 12:00:00+00:00,2024-11-21 12:00:00+00:00,11,lightgbm,0.07200420159217037,below_25pct,False,ON
2024-11-21 16:00:00+00:00,2024-11-21 16:00:00+00:00,11,lightgbm,0.12103146401565776,below_25pct,False,ON
2024-11-21 20:00:00+00:00,2024-11-21 20:00:00+00:00,11,lightgbm,0.11625574984482276,below_25pct,False,ON
2024-11-22 00:00:00+00:00,2024-11-22 00:00:00+00:00,11,lightgbm,0.11022301171309494,below_25pct,False,ON
2024-11-22 04:00:00+00:00,2024-11-22 04:00:00+00:00,11,lightgbm,0.11634738939089932,below_25pct,False,ON
2024-11-22 08:00:00+00:00,2024-11-22 08:00:00+00:00,11,lightgbm,0.09058851486569033,below_25pct,False,ON
2024-11-22 12:00:00+00:00,2024-11-22 12:00:00+00:00,11,lightgbm,0.09074844541071675,below_25pct,False,ON
2024-11-22 16:00:00+00:00,2024-11-22 16:00:00+00:00,11,lightgbm,0.10577846204629283,below_25pct,False,ON
2024-11-22 20:00:00+00:00,2024-11-22 20:00:00+00:00,11,lightgbm,0.10838558098763439,below_25pct,False,ON
2024-11-23 00:00:00+00:00,2024-11-23 00:00:00+00:00,11,lightgbm,0.09175191937489476,below_25pct,False,ON
2024-11-23 04:00:00+00:00,2024-11-23 04:00:00+00:00,11,lightgbm,0.07575584775266571,below_25pct,False,ON
2024-11-23 08:00:00+00:00,2024-11-23 08:00:00+00:00,11,lightgbm,0.068731959835616,below_25pct,False,ON
2024-11-23 12:00:00+00:00,2024-11-23 12:00:00+00:00,11,lightgbm,0.0656543070901058,below_25pct,False,ON
2024-11-23 16:00:00+00:00,2024-11-23 16:00:00+00:00,11,lightgbm,0.055881316722178005,below_25pct,False,ON
2024-11-23 20:00:00+00:00,2024-11-23 20:00:00+00:00,11,lightgbm,0.06270879809231648,below_25pct,False,ON
2024-11-24 00:00:00+00:00,2024-11-24 00:00:00+00:00,11,lightgbm,0.054696899304570265,below_25pct,False,ON
2024-11-24 04:00:00+00:00,2024-11-24 04:00:00+00:00,11,lightgbm,0.05056289013010901,below_25pct,False,ON
2024-11-24 08:00:00+00:00,2024-11-24 08:00:00+00:00,11,lightgbm,0.050927184117267314,below_25pct,False,ON
2024-11-24 12:00:00+00:00,2024-11-24 12:00:00+00:00,11,lightgbm,0.051646448282654946,below_25pct,False,ON
2024-11-24 16:00:00+00:00,2024-11-24 16:00:00+00:00,11,lightgbm,0.06391709039934736,below_25pct,False,ON
2024-11-24 20:00:00+00:00,2024-11-24 20:00:00+00:00,11,lightgbm,0.07215762731643277,below_25pct,False,ON
2024-11-25 00:00:00+00:00,2024-11-25 00:00:00+00:00,11,lightgbm,0.06634023814604349,below_25pct,False,ON
2024-11-25 04:00:00+00:00,2024-11-25 04:00:00+00:00,11,lightgbm,0.06391631957993353,below_25pct,False,ON
2024-11-25 08:00:00+00:00,2024-11-25 08:00:00+00:00,11,lightgbm,0.06840786118162581,below_25pct,False,ON
2024-11-25 12:00:00+00:00,2024-11-25 12:00:00+00:00,11,lightgbm,0.06168076069828627,below_25pct,False,ON
2024-11-25 16:00:00+00:00,2024-11-25 16:00:00+00:00,11,lightgbm,0.050114485250287076,below_25pct,False,ON
2024-11-25 20:00:00+00:00,2024-11-25 20:00:00+00:00,11,lightgbm,0.07249794026832833,below_25pct,False,ON
2024-11-26 00:00:00+00:00,2024-11-26 00:00:00+00:00,11,lightgbm,0.0721203345320783,below_25pct,False,ON
2024-11-26 04:00:00+00:00,2024-11-26 04:00:00+00:00,11,lightgbm,0.06357234660169188,below_25pct,False,ON
2024-11-26 08:00:00+00:00,2024-11-26 08:00:00+00:00,11,lightgbm,0.060462618826802345,below_25pct,False,ON
2024-11-26 12:00:00+00:00,2024-11-26 12:00:00+00:00,11,lightgbm,0.07833259238217684,below_25pct,False,ON
2024-11-26 16:00:00+00:00,2024-11-26 16:00:00+00:00,11,lightgbm,0.041172209724856114,below_25pct,False,ON
2024-11-26 20:00:00+00:00,2024-11-26 20:00:00+00:00,11,lightgbm,0.03845853652610674,below_25pct,False,ON
2024-11-27 00:00:00+00:00,2024-11-27 00:00:00+00:00,11,lightgbm,0.037354691872193854,below_25pct,False,ON
2024-11-27 04:00:00+00:00,2024-11-27 04:00:00+00:00,11,lightgbm,0.041040567432441125,below_25pct,False,ON
2024-11-27 08:00:00+00:00,2024-11-27 08:00:00+00:00,11,lightgbm,0.0400976383623793,below_25pct,False,ON
2024-11-27 12:00:00+00:00,2024-11-27 12:00:00+00:00,11,lightgbm,0.038361206562878634,below_25pct,False,ON
2024-11-27 16:00:00+00:00,2024-11-27 16:00:00+00:00,11,lightgbm,0.04208777915458309,below_25pct,False,ON
2024-11-27 20:00:00+00:00,2024-11-27 20:00:00+00:00,11,lightgbm,0.038338973213580756,below_25pct,False,ON
2024-11-28 00:00:00+00:00,2024-11-28 00:00:00+00:00,11,lightgbm,0.037286910636489944,below_25pct,False,ON
2024-11-28 04:00:00+00:00,2024-11-28 04:00:00+00:00,11,lightgbm,0.035293091257027856,below_25pct,False,ON
2024-11-28 08:00:00+00:00,2024-11-28 08:00:00+00:00,11,lightgbm,0.032971872913257594,below_25pct,False,ON
2024-11-28 12:00:00+00:00,2024-11-28 12:00:00+00:00,11,lightgbm,0.030549353875373015,below_25pct,False,ON
2024-11-28 16:00:00+00:00,2024-11-28 16:00:00+00:00,11,lightgbm,0.032885894901540466,below_25pct,False,ON
2024-11-28 20:00:00+00:00,2024-11-28 20:00:00+00:00,11,lightgbm,0.03373331075345993,below_25pct,False,ON
2024-11-29 00:00:00+00:00,2024-11-29 00:00:00+00:00,11,lightgbm,0.03713944187181297,below_25pct,False,ON
2024-11-29 04:00:00+00:00,2024-11-29 04:00:00+00:00,11,lightgbm,0.04309003442769614,below_25pct,False,ON
2024-11-29 08:00:00+00:00,2024-11-29 08:00:00+00:00,11,lightgbm,0.03778979427769725,below_25pct,False,ON
2024-11-29 12:00:00+00:00,2024-11-29 12:00:00+00:00,11,lightgbm,0.03663439900567104,below_25pct,False,ON
2024-11-29 16:00:00+00:00,2024-11-29 16:00:00+00:00,11,lightgbm,0.04157623471265545,below_25pct,False,ON
2024-11-29 20:00:00+00:00,2024-11-29 20:00:00+00:00,11,lightgbm,0.04270124958413556,below_25pct,False,ON
2024-11-30 00:00:00+00:00,2024-11-30 00:00:00+00:00,11,lightgbm,0.03737181277852943,below_25pct,False,ON
2024-11-30 04:00:00+00:00,2024-11-30 04:00:00+00:00,11,lightgbm,0.03308579059462327,below_25pct,False,ON
2024-11-30 08:00:00+00:00,2024-11-30 08:00:00+00:00,11,lightgbm,0.03611326038532818,below_25pct,False,ON
2024-11-30 12:00:00+00:00,2024-11-30 12:00:00+00:00,11,lightgbm,0.03538324305284947,below_25pct,False,ON
2024-11-30 16:00:00+00:00,2024-11-30 16:00:00+00:00,11,lightgbm,0.03307444569089444,below_25pct,False,ON
2024-11-30 20:00:00+00:00,2024-11-30 20:00:00+00:00,11,lightgbm,0.031173680149962604,below_25pct,False,ON
2024-12-01 00:00:00+00:00,2024-12-01 00:00:00+00:00,11,lightgbm,0.030668269992028777,below_25pct,False,ON
2024-12-01 04:00:00+00:00,2024-12-01 04:00:00+00:00,11,lightgbm,0.030921626796955586,below_25pct,False,ON
2024-12-01 08:00:00+00:00,2024-12-01 08:00:00+00:00,11,lightgbm,0.030730023741863077,below_25pct,False,ON
2024-12-01 12:00:00+00:00,2024-12-01 12:00:00+00:00,11,lightgbm,0.030460943974874137,below_25pct,False,ON
2024-12-01 16:00:00+00:00,2024-12-01 16:00:00+00:00,11,lightgbm,0.029996995328647115,below_25pct,False,ON
2024-12-01 20:00:00+00:00,2024-12-01 20:00:00+00:00,11,lightgbm,0.03261341981410372,below_25pct,False,ON
2024-12-02 00:00:00+00:00,2024-12-02 00:00:00+00:00,11,lightgbm,0.029799504254374432,below_25pct,False,ON
2024-12-02 04:00:00+00:00,2024-12-02 04:00:00+00:00,11,lightgbm,0.032053282825062854,below_25pct,False,ON
2024-12-02 08:00:00+00:00,2024-12-02 08:00:00+00:00,11,lightgbm,0.03249419392732728,below_25pct,False,ON
2024-12-02 12:00:00+00:00,2024-12-02 12:00:00+00:00,11,lightgbm,0.03188933202927977,below_25pct,False,ON
2024-12-02 16:00:00+00:00,2024-12-02 16:00:00+00:00,11,lightgbm,0.029359425395820607,below_25pct,False,ON
2024-12-02 20:00:00+00:00,2024-12-02 20:00:00+00:00,11,lightgbm,0.02690703078251074,below_25pct,False,ON
2024-12-03 00:00:00+00:00,2024-12-03 00:00:00+00:00,11,lightgbm,0.026395216539182996,below_25pct,False,ON
2024-12-03 04:00:00+00:00,2024-12-03 04:00:00+00:00,11,lightgbm,0.027250580567018866,below_25pct,False,ON
2024-12-03 08:00:00+00:00,2024-12-03 08:00:00+00:00,11,lightgbm,0.026706076995973438,below_25pct,False,ON
2024-12-03 12:00:00+00:00,2024-12-03 12:00:00+00:00,11,lightgbm,0.026990412249668735,below_25pct,False,ON
2024-12-03 16:00:00+00:00,2024-12-03 16:00:00+00:00,11,lightgbm,0.02773119336206732,below_25pct,False,ON
2024-12-03 20:00:00+00:00,2024-12-03 20:00:00+00:00,11,lightgbm,0.025724537924395975,below_25pct,False,ON
2024-12-04 00:00:00+00:00,2024-12-04 00:00:00+00:00,11,lightgbm,0.026172528067055317,below_25pct,False,ON
2024-12-04 04:00:00+00:00,2024-12-04 04:00:00+00:00,11,lightgbm,0.026584963940019614,below_25pct,False,ON
2024-12-04 08:00:00+00:00,2024-12-04 08:00:00+00:00,11,lightgbm,0.029121102142853683,below_25pct,False,ON
2024-12-04 12:00:00+00:00,2024-12-04 12:00:00+00:00,11,lightgbm,0.02606536241583042,below_25pct,False,ON
2024-12-04 16:00:00+00:00,2024-12-04 16:00:00+00:00,11,lightgbm,0.028385564131691667,below_25pct,False,ON
2024-12-04 20:00:00+00:00,2024-12-04 20:00:00+00:00,11,lightgbm,0.026638173468274032,below_25pct,False,ON
2024-12-05 00:00:00+00:00,2024-12-05 00:00:00+00:00,11,lightgbm,0.027272352726465846,below_25pct,False,ON
2024-12-05 04:00:00+00:00,2024-12-05 04:00:00+00:00,11,lightgbm,0.04110030194109365,below_25pct,False,ON
2024-12-05 08:00:00+00:00,2024-12-05 08:00:00+00:00,11,lightgbm,0.03624779690310865,below_25pct,False,ON
2024-12-05 12:00:00+00:00,2024-12-05 12:00:00+00:00,11,lightgbm,0.029257837281800616,below_25pct,False,ON
2024-12-05 16:00:00+00:00,2024-12-05 16:00:00+00:00,11,lightgbm,0.03854888422465664,below_25pct,False,ON
2024-12-05 20:00:00+00:00,2024-12-05 20:00:00+00:00,11,lightgbm,0.036572427628236016,below_25pct,False,ON
2024-12-06 00:00:00+00:00,2024-12-06 00:00:00+00:00,11,lightgbm,0.05020839355194709,below_25pct,False,ON
2024-12-06 04:00:00+00:00,2024-12-06 04:00:00+00:00,11,lightgbm,0.05053431342713192,below_25pct,False,ON
2024-12-06 08:00:00+00:00,2024-12-06 08:00:00+00:00,11,lightgbm,0.04338078548281892,below_25pct,False,ON
2024-12-06 12:00:00+00:00,2024-12-06 12:00:00+00:00,11,lightgbm,0.04233953317182963,below_25pct,False,ON
2024-12-06 16:00:00+00:00,2024-12-06 16:00:00+00:00,11,lightgbm,0.040801048469424485,below_25pct,False,ON
2024-12-06 20:00:00+00:00,2024-12-06 20:00:00+00:00,11,lightgbm,0.04514316798033199,below_25pct,False,ON
2024-12-07 00:00:00+00:00,2024-12-07 00:00:00+00:00,11,lightgbm,0.04781232053567797,below_25pct,False,ON
2024-12-07 04:00:00+00:00,2024-12-07 04:00:00+00:00,11,lightgbm,0.04473617999611648,below_25pct,False,ON
2024-12-07 08:00:00+00:00,2024-12-07 08:00:00+00:00,11,lightgbm,0.042555926200836695,below_25pct,False,ON
2024-12-07 12:00:00+00:00,2024-12-07 12:00:00+00:00,11,lightgbm,0.04166235567399299,below_25pct,False,ON
2024-12-07 16:00:00+00:00,2024-12-07 16:00:00+00:00,11,lightgbm,0.04072482923179205,below_25pct,False,ON
2024-12-07 20:00:00+00:00,2024-12-07 20:00:00+00:00,11,lightgbm,0.0448440893643191,below_25pct,False,ON
2024-12-08 00:00:00+00:00,2024-12-08 00:00:00+00:00,11,lightgbm,0.04516434415892177,below_25pct,False,ON
2024-12-08 04:00:00+00:00,2024-12-08 04:00:00+00:00,11,lightgbm,0.04786397001857982,below_25pct,False,ON
2024-12-08 08:00:00+00:00,2024-12-08 08:00:00+00:00,11,lightgbm,0.04460421771193401,below_25pct,False,ON
2024-12-08 12:00:00+00:00,2024-12-08 12:00:00+00:00,11,lightgbm,0.04825611712132864,below_25pct,False,ON
2024-12-08 16:00:00+00:00,2024-12-08 16:00:00+00:00,11,lightgbm,0.047508174689387,below_25pct,False,ON
2024-12-08 20:00:00+00:00,2024-12-08 20:00:00+00:00,11,lightgbm,0.05105146285393806,below_25pct,False,ON
2024-12-09 00:00:00+00:00,2024-12-09 00:00:00+00:00,11,lightgbm,0.04333590835263437,below_25pct,False,ON
2024-12-09 04:00:00+00:00,2024-12-09 04:00:00+00:00,11,lightgbm,0.052810204383731234,below_25pct,False,ON
2024-12-09 08:00:00+00:00,2024-12-09 08:00:00+00:00,11,lightgbm,0.05180909190059406,below_25pct,False,ON
2024-12-09 12:00:00+00:00,2024-12-09 12:00:00+00:00,11,lightgbm,0.055778423458437,below_25pct,False,ON
2024-12-09 16:00:00+00:00,2024-12-09 16:00:00+00:00,11,lightgbm,0.054703832520115826,below_25pct,False,ON
2024-12-09 20:00:00+00:00,2024-12-09 20:00:00+00:00,11,lightgbm,0.057371342941915024,below_25pct,False,ON
2024-12-10 00:00:00+00:00,2024-12-10 00:00:00+00:00,11,lightgbm,0.045439876462927346,below_25pct,False,ON
2024-12-10 04:00:00+00:00,2024-12-10 04:00:00+00:00,11,lightgbm,0.047549194967440644,below_25pct,False,ON
2024-12-10 08:00:00+00:00,2024-12-10 08:00:00+00:00,11,lightgbm,0.051243985070916015,below_25pct,False,ON
2024-12-10 12:00:00+00:00,2024-12-10 12:00:00+00:00,11,lightgbm,0.05162374398060756,below_25pct,False,ON
2024-12-10 16:00:00+00:00,2024-12-10 16:00:00+00:00,11,lightgbm,0.04652644709472556,below_25pct,False,ON
2024-12-10 20:00:00+00:00,2024-12-10 20:00:00+00:00,11,lightgbm,0.044238768696707856,below_25pct,False,ON
2024-12-11 00:00:00+00:00,2024-12-11 00:00:00+00:00,11,lightgbm,0.042370942091033474,below_25pct,False,ON
2024-12-11 04:00:00+00:00,2024-12-11 04:00:00+00:00,11,lightgbm,0.05189669639091937,below_25pct,False,ON
2024-12-11 08:00:00+00:00,2024-12-11 08:00:00+00:00,11,lightgbm,0.044219020567861436,below_25pct,False,ON
2024-12-11 12:00:00+00:00,2024-12-11 12:00:00+00:00,11,lightgbm,0.04823969317647757,below_25pct,False,ON
2024-12-11 16:00:00+00:00,2024-12-11 16:00:00+00:00,11,lightgbm,0.04597458197180252,below_25pct,False,ON
2024-12-11 20:00:00+00:00,2024-12-11 20:00:00+00:00,11,lightgbm,0.04107805941437416,below_25pct,False,ON
2024-12-12 00:00:00+00:00,2024-12-12 00:00:00+00:00,11,lightgbm,0.046408030347473435,below_25pct,False,ON
2024-12-12 04:00:00+00:00,2024-12-12 04:00:00+00:00,11,lightgbm,0.044417549330374714,below_25pct,False,ON
2024-12-12 08:00:00+00:00,2024-12-12 08:00:00+00:00,11,lightgbm,0.04424124330820842,below_25pct,False,ON
2024-12-12 12:00:00+00:00,2024-12-12 12:00:00+00:00,11,lightgbm,0.04097659608468437,below_25pct,False,ON
2024-12-12 16:00:00+00:00,2024-12-12 16:00:00+00:00,11,lightgbm,0.04240873869170304,below_25pct,False,ON
2024-12-12 20:00:00+00:00,2024-12-12 20:00:00+00:00,11,lightgbm,0.045069198796206904,below_25pct,False,ON
2024-12-13 00:00:00+00:00,2024-12-13 00:00:00+00:00,11,lightgbm,0.039770291021006925,below_25pct,False,ON
2024-12-13 04:00:00+00:00,2024-12-13 04:00:00+00:00,11,lightgbm,0.03986161788312189,below_25pct,False,ON
2024-12-13 08:00:00+00:00,2024-12-13 08:00:00+00:00,11,lightgbm,0.038032572893266337,below_25pct,False,ON
2024-12-13 12:00:00+00:00,2024-12-13 12:00:00+00:00,11,lightgbm,0.037847848810387656,below_25pct,False,ON
2024-12-13 16:00:00+00:00,2024-12-13 16:00:00+00:00,11,lightgbm,0.04677503486430436,below_25pct,False,ON
2024-12-13 20:00:00+00:00,2024-12-13 20:00:00+00:00,11,lightgbm,0.050205637082372856,below_25pct,False,ON
2024-12-14 00:00:00+00:00,2024-12-14 00:00:00+00:00,11,lightgbm,0.04301804675289934,below_25pct,False,ON
2024-12-14 04:00:00+00:00,2024-12-14 04:00:00+00:00,11,lightgbm,0.039678900834370395,below_25pct,False,ON
2024-12-14 08:00:00+00:00,2024-12-14 08:00:00+00:00,11,lightgbm,0.03830163158339168,below_25pct,False,ON
2024-12-14 12:00:00+00:00,2024-12-14 12:00:00+00:00,11,lightgbm,0.0394143518958031,below_25pct,False,ON
2024-12-14 16:00:00+00:00,2024-12-14 16:00:00+00:00,11,lightgbm,0.03569746961581014,below_25pct,False,ON
2024-12-14 20:00:00+00:00,2024-12-14 20:00:00+00:00,11,lightgbm,0.03512389790650052,below_25pct,False,ON
2024-12-15 00:00:00+00:00,2024-12-15 00:00:00+00:00,11,lightgbm,0.04085782427404793,below_25pct,False,ON
2024-12-15 04:00:00+00:00,2024-12-15 04:00:00+00:00,11,lightgbm,0.0317195328800981,below_25pct,False,ON
2024-12-15 08:00:00+00:00,2024-12-15 08:00:00+00:00,11,lightgbm,0.032657534239746176,below_25pct,False,ON
2024-12-15 12:00:00+00:00,2024-12-15 12:00:00+00:00,11,lightgbm,0.03165141452276262,below_25pct,False,ON
2024-12-15 16:00:00+00:00,2024-12-15 16:00:00+00:00,11,lightgbm,0.03267653294524329,below_25pct,False,ON
2024-12-15 20:00:00+00:00,2024-12-15 20:00:00+00:00,11,lightgbm,0.030054547269203476,below_25pct,False,ON
2024-12-16 00:00:00+00:00,2024-12-16 00:00:00+00:00,11,lightgbm,0.03022461663841899,below_25pct,False,ON
2024-12-16 04:00:00+00:00,2024-12-16 04:00:00+00:00,11,lightgbm,0.028569791342349396,below_25pct,False,ON
2024-12-16 08:00:00+00:00,2024-12-16 08:00:00+00:00,11,lightgbm,0.026248137322167065,below_25pct,False,ON
2024-12-16 12:00:00+00:00,2024-12-16 12:00:00+00:00,11,lightgbm,0.025876240651898492,below_25pct,False,ON
2024-12-16 16:00:00+00:00,2024-12-16 16:00:00+00:00,11,lightgbm,0.029942437060961,below_25pct,False,ON
2024-12-16 20:00:00+00:00,2024-12-16 20:00:00+00:00,11,lightgbm,0.02833764707180924,below_25pct,False,ON
2024-12-17 00:00:00+00:00,2024-12-17 00:00:00+00:00,11,lightgbm,0.02706055803359526,below_25pct,False,ON
2024-12-17 04:00:00+00:00,2024-12-17 04:00:00+00:00,11,lightgbm,0.026499202341900764,below_25pct,False,ON
2024-12-17 08:00:00+00:00,2024-12-17 08:00:00+00:00,11,lightgbm,0.025114758476893144,below_25pct,False,ON
2024-12-17 12:00:00+00:00,2024-12-17 12:00:00+00:00,11,lightgbm,0.025822011665994116,below_25pct,False,ON
2024-12-17 16:00:00+00:00,2024-12-17 16:00:00+00:00,11,lightgbm,0.02914685553371602,below_25pct,False,ON
2024-12-17 20:00:00+00:00,2024-12-17 20:00:00+00:00,11,lightgbm,0.028327207955311316,below_25pct,False,ON
2024-12-18 00:00:00+00:00,2024-12-18 00:00:00+00:00,11,lightgbm,0.0288338166353395,below_25pct,False,ON
2024-12-18 04:00:00+00:00,2024-12-18 04:00:00+00:00,11,lightgbm,0.029441375600949855,below_25pct,False,ON
2024-12-18 08:00:00+00:00,2024-12-18 08:00:00+00:00,11,lightgbm,0.03327837360145815,below_25pct,False,ON
2024-12-18 12:00:00+00:00,2024-12-18 12:00:00+00:00,11,lightgbm,0.02908395544651375,below_25pct,False,ON
2024-12-18 16:00:00+00:00,2024-12-18 16:00:00+00:00,11,lightgbm,0.0278221455248707,below_25pct,False,ON
2024-12-18 20:00:00+00:00,2024-12-18 20:00:00+00:00,11,lightgbm,0.0450140766429741,below_25pct,False,ON
2024-12-19 00:00:00+00:00,2024-12-19 00:00:00+00:00,11,lightgbm,0.03776885028671381,below_25pct,False,ON
2024-12-19 04:00:00+00:00,2024-12-19 04:00:00+00:00,11,lightgbm,0.04195197756812588,below_25pct,False,ON
2024-12-19 08:00:00+00:00,2024-12-19 08:00:00+00:00,11,lightgbm,0.03770143975541204,below_25pct,False,ON
2024-12-19 12:00:00+00:00,2024-12-19 12:00:00+00:00,11,lightgbm,0.03861512232452912,below_25pct,False,ON
2024-12-19 16:00:00+00:00,2024-12-19 16:00:00+00:00,11,lightgbm,0.047844774779225406,below_25pct,False,ON
2024-12-19 20:00:00+00:00,2024-12-19 20:00:00+00:00,11,lightgbm,0.041863876373923824,below_25pct,False,ON
2024-12-20 00:00:00+00:00,2024-12-20 00:00:00+00:00,11,lightgbm,0.042109576343912734,below_25pct,False,ON
2024-12-20 04:00:00+00:00,2024-12-20 04:00:00+00:00,11,lightgbm,0.04006029825205971,below_25pct,False,ON
2024-12-20 08:00:00+00:00,2024-12-20 08:00:00+00:00,11,lightgbm,0.029184401052846223,below_25pct,False,ON
2024-12-20 12:00:00+00:00,2024-12-20 12:00:00+00:00,11,lightgbm,0.055170427789102645,below_25pct,False,ON
2024-12-20 16:00:00+00:00,2024-12-20 16:00:00+00:00,11,lightgbm,0.029827176090451935,below_25pct,False,ON
2024-12-20 20:00:00+00:00,2024-12-20 20:00:00+00:00,11,lightgbm,0.02867495506254405,below_25pct,False,ON
2024-12-21 00:00:00+00:00,2024-12-21 00:00:00+00:00,11,lightgbm,0.028728234180662063,below_25pct,False,ON
2024-12-21 04:00:00+00:00,2024-12-21 04:00:00+00:00,11,lightgbm,0.026548147200224352,below_25pct,False,ON
2024-12-21 08:00:00+00:00,2024-12-21 08:00:00+00:00,11,lightgbm,0.0273290818291479,below_25pct,False,ON
2024-12-21 12:00:00+00:00,2024-12-21 12:00:00+00:00,11,lightgbm,0.02658921617444541,below_25pct,False,ON
2024-12-21 16:00:00+00:00,2024-12-21 16:00:00+00:00,11,lightgbm,0.026138734457590095,below_25pct,False,ON
2024-12-21 20:00:00+00:00,2024-12-21 20:00:00+00:00,11,lightgbm,0.02356255984830982,below_25pct,False,ON
2024-12-22 00:00:00+00:00,2024-12-22 00:00:00+00:00,11,lightgbm,0.02789654661718953,below_25pct,False,ON
2024-12-22 04:00:00+00:00,2024-12-22 04:00:00+00:00,11,lightgbm,0.024803581302242826,below_25pct,False,ON
2024-12-22 08:00:00+00:00,2024-12-22 08:00:00+00:00,11,lightgbm,0.04329326635773928,below_25pct,False,ON
2024-12-22 12:00:00+00:00,2024-12-22 12:00:00+00:00,11,lightgbm,0.03645490139747949,below_25pct,False,ON
2024-12-22 16:00:00+00:00,2024-12-22 16:00:00+00:00,11,lightgbm,0.025710947536434263,below_25pct,False,ON
2024-12-22 20:00:00+00:00,2024-12-22 20:00:00+00:00,11,lightgbm,0.03136082952486336,below_25pct,False,ON
2024-12-23 00:00:00+00:00,2024-12-23 00:00:00+00:00,11,lightgbm,0.0252619984452016,below_25pct,False,ON
2024-12-23 04:00:00+00:00,2024-12-23 04:00:00+00:00,11,lightgbm,0.02775975488703988,below_25pct,False,ON
2024-12-23 08:00:00+00:00,2024-12-23 08:00:00+00:00,11,lightgbm,0.028066850742957936,below_25pct,False,ON
2024-12-23 12:00:00+00:00,2024-12-23 12:00:00+00:00,11,lightgbm,0.02584819705697019,below_25pct,False,ON
2024-12-23 16:00:00+00:00,2024-12-23 16:00:00+00:00,11,lightgbm,0.03307402302997066,below_25pct,False,ON
2024-12-23 20:00:00+00:00,2024-12-23 20:00:00+00:00,11,lightgbm,0.028556989547355856,below_25pct,False,ON
2024-12-24 00:00:00+00:00,2024-12-24 00:00:00+00:00,11,lightgbm,0.02809320279268427,below_25pct,False,ON
2024-12-24 04:00:00+00:00,2024-12-24 04:00:00+00:00,11,lightgbm,0.03454396716714706,below_25pct,False,ON
2024-12-24 08:00:00+00:00,2024-12-24 08:00:00+00:00,11,lightgbm,0.03227862941595584,below_25pct,False,ON
2024-12-24 12:00:00+00:00,2024-12-24 12:00:00+00:00,11,lightgbm,0.028811502532250906,below_25pct,False,ON
2024-12-24 16:00:00+00:00,2024-12-24 16:00:00+00:00,11,lightgbm,0.029962380256809258,below_25pct,False,ON
2024-12-24 20:00:00+00:00,2024-12-24 20:00:00+00:00,11,lightgbm,0.027309656767433868,below_25pct,False,ON
2024-12-25 00:00:00+00:00,2024-12-25 00:00:00+00:00,11,lightgbm,0.027035056120435424,below_25pct,False,ON
2024-12-25 04:00:00+00:00,2024-12-25 04:00:00+00:00,11,lightgbm,0.027092370284223045,below_25pct,False,ON
2024-12-25 08:00:00+00:00,2024-12-25 08:00:00+00:00,11,lightgbm,0.029246596984243325,below_25pct,False,ON
2024-12-25 12:00:00+00:00,2024-12-25 12:00:00+00:00,11,lightgbm,0.029090992674634324,below_25pct,False,ON
2024-12-25 16:00:00+00:00,2024-12-25 16:00:00+00:00,11,lightgbm,0.028881804466310997,below_25pct,False,ON
2024-12-25 20:00:00+00:00,2024-12-25 20:00:00+00:00,11,lightgbm,0.042350204851375584,below_25pct,False,ON
2024-12-26 00:00:00+00:00,2024-12-26 00:00:00+00:00,11,lightgbm,0.06538281738766823,below_25pct,False,ON
2024-12-26 04:00:00+00:00,2024-12-26 04:00:00+00:00,11,lightgbm,0.049929426366616424,below_25pct,False,ON
2024-12-26 08:00:00+00:00,2024-12-26 08:00:00+00:00,11,lightgbm,0.0317249952621657,below_25pct,False,ON
2024-12-26 12:00:00+00:00,2024-12-26 12:00:00+00:00,11,lightgbm,0.02849443862267393,below_25pct,False,ON
2024-12-26 16:00:00+00:00,2024-12-26 16:00:00+00:00,11,lightgbm,0.0308857172112885,below_25pct,False,ON
2024-12-26 20:00:00+00:00,2024-12-26 20:00:00+00:00,11,lightgbm,0.03267767507906892,below_25pct,False,ON
2024-12-27 00:00:00+00:00,2024-12-27 00:00:00+00:00,11,lightgbm,0.03205455130639589,below_25pct,False,ON
2024-12-27 04:00:00+00:00,2024-12-27 04:00:00+00:00,11,lightgbm,0.036899820984961244,below_25pct,False,ON
2024-12-27 08:00:00+00:00,2024-12-27 08:00:00+00:00,11,lightgbm,0.03521465889229934,below_25pct,False,ON
2024-12-27 12:00:00+00:00,2024-12-27 12:00:00+00:00,11,lightgbm,0.04360926949711832,below_25pct,False,ON
2024-12-27 16:00:00+00:00,2024-12-27 16:00:00+00:00,11,lightgbm,0.0676276686567429,below_25pct,False,ON
2024-12-27 20:00:00+00:00,2024-12-27 20:00:00+00:00,11,lightgbm,0.07284151766554087,below_25pct,False,ON
2024-12-28 00:00:00+00:00,2024-12-28 00:00:00+00:00,11,lightgbm,0.07052486030886734,below_25pct,False,ON
2024-12-28 04:00:00+00:00,2024-12-28 04:00:00+00:00,11,lightgbm,0.06832323232610286,below_25pct,False,ON
2024-12-28 08:00:00+00:00,2024-12-28 08:00:00+00:00,11,lightgbm,0.07033027671637067,below_25pct,False,ON
2024-12-28 12:00:00+00:00,2024-12-28 12:00:00+00:00,11,lightgbm,0.0644380112820254,below_25pct,False,ON
2024-12-28 16:00:00+00:00,2024-12-28 16:00:00+00:00,11,lightgbm,0.10567880979495879,below_25pct,False,ON
2024-12-28 20:00:00+00:00,2024-12-28 20:00:00+00:00,11,lightgbm,0.06574918740672106,below_25pct,False,ON
2024-12-29 00:00:00+00:00,2024-12-29 00:00:00+00:00,11,lightgbm,0.06984888066908614,below_25pct,False,ON
2024-12-29 04:00:00+00:00,2024-12-29 04:00:00+00:00,11,lightgbm,0.07398310885970148,below_25pct,False,ON
2024-12-29 08:00:00+00:00,2024-12-29 08:00:00+00:00,11,lightgbm,0.06822603306271832,below_25pct,False,ON
2024-12-29 12:00:00+00:00,2024-12-29 12:00:00+00:00,11,lightgbm,0.06989310863783874,below_25pct,False,ON
2024-12-29 16:00:00+00:00,2024-12-29 16:00:00+00:00,11,lightgbm,0.08051393640961597,below_25pct,False,ON
2024-12-29 20:00:00+00:00,2024-12-29 20:00:00+00:00,11,lightgbm,0.09316934483022332,below_25pct,False,ON
2024-12-30 00:00:00+00:00,2024-12-30 00:00:00+00:00,11,lightgbm,0.09433761194831018,below_25pct,False,ON
2024-12-30 04:00:00+00:00,2024-12-30 04:00:00+00:00,11,lightgbm,0.08971994598921278,below_25pct,False,ON
2024-12-30 08:00:00+00:00,2024-12-30 08:00:00+00:00,11,lightgbm,0.0981851773359177,below_25pct,False,ON
2024-12-30 12:00:00+00:00,2024-12-30 12:00:00+00:00,11,lightgbm,0.07993914873308236,below_25pct,False,ON
2024-12-30 16:00:00+00:00,2024-12-30 16:00:00+00:00,11,lightgbm,0.051470050515455494,below_25pct,False,ON
2024-12-30 20:00:00+00:00,2024-12-30 20:00:00+00:00,11,lightgbm,0.06250638548422696,below_25pct,False,ON
2024-12-31 00:00:00+00:00,2024-12-31 00:00:00+00:00,11,lightgbm,0.057648596115030704,below_25pct,False,ON
2024-12-31 04:00:00+00:00,2024-12-31 04:00:00+00:00,11,lightgbm,0.05405495936072938,below_25pct,False,ON
2024-12-31 08:00:00+00:00,2024-12-31 08:00:00+00:00,11,lightgbm,0.044672390601275785,below_25pct,False,ON
2024-12-31 12:00:00+00:00,2024-12-31 12:00:00+00:00,11,lightgbm,0.05974430764339992,below_25pct,False,ON
2024-12-31 16:00:00+00:00,2024-12-31 16:00:00+00:00,11,lightgbm,0.03622762392031721,below_25pct,False,ON
2024-12-31 20:00:00+00:00,2024-12-31 20:00:00+00:00,11,lightgbm,0.05842177650298081,below_25pct,False,ON
