time,cycle_id,side,reason,reference_price,fill_price,qty,position_qty,average_price,notional,fee,slippage_cost,p_unsafe,ml_on,gross_pnl,ambiguous_bar
2022-04-01 00:00:00+00:00,1,BUY,Base,45505.9,45528.652949999996,0.006,0.006,45528.652949999996,273.1719177,0.13658595885,0.1365176999999676,,True,,False
2022-04-01 15:00:00+00:00,1,SELL,trailing_stop_same_bar,46096.7,46073.65165,0.006,0.0,45528.652949999996,276.4419099,0.13822095495,0.1382900999999838,,True,3.2699922000000226,True
2022-04-01 16:00:00+00:00,2,BUY,Base,46523.6,46546.8618,0.006,0.006,46546.8618,279.2811708,0.1396405854,0.13957080000000133,,True,,False
2022-04-03 22:20:00+00:00,2,SELL,trailing_stop_same_bar,47106.0,47082.447,0.006,0.0,46546.8618,282.494682,0.141247341,0.1413179999999993,,True,3.213511200000008,True
2022-04-04 00:00:00+00:00,3,BUY,Base,46392.3,46415.49615,0.006,0.006,46415.49614999999,278.4929769,0.13924648844999998,0.13917689999997673,,True,,False
2022-04-05 12:20:00+00:00,3,SELL,trailing_stop_same_bar,46821.9,46798.489050000004,0.006,0.0,46415.49614999999,280.7909343,0.14039546715,0.1404656999999861,,True,2.297957400000072,True
2022-04-05 16:00:00+00:00,4,BUY,Base,45740.5,45763.37025,0.006,0.006,45763.37025,274.5802215,0.13729011075,0.13722149999999966,,True,,False
2022-04-06 14:00:00+00:00,4,BUY,SO1,43932.835439999995,43954.80185771999,0.005,0.011,44941.29370805454,219.77400928859996,0.10988700464429998,0.10983208859997831,,True,,False
2022-04-11 09:55:00+00:00,4,BUY,SO2,41644.6669275,41665.489260963746,0.006,0.017,43785.12743261072,249.9929355657825,0.12499646778289125,0.12493400078246486,,True,,False
2022-04-25 07:00:00+00:00,4,BUY,SO3,38441.231009999996,38460.451625505,0.006,0.023,42396.081569887494,230.76270975302998,0.11538135487651499,0.1153236930300045,,True,,False
2022-05-08 17:00:00+00:00,4,BUY,SO4,33864.893985,33881.8264319925,0.007,0.03,40409.422037712,237.1727850239475,0.11858639251197375,0.11852712894748402,,True,,False
2022-05-12 04:20:00+00:00,4,BUY,SO5,27458.02215,27471.751161075,0.009000000000000001,0.039,37423.805681565,247.24576044967503,0.12362288022483751,0.12356109967500016,,True,,False
2023-11-09 14:10:00+00:00,4,SELL,trailing_stop_same_bar,37322.7,37304.03865,0.039,0.0,37423.805681565,1454.85750735,0.727428753675,0.7277926499997993,,True,-4.670914231034833,True
2023-11-09 16:00:00+00:00,5,BUY,Base,37141.5,37160.07075,0.008,0.008,37160.07075,297.280566,0.148640283,0.14856599999999162,,True,,False
2023-11-09 16:35:00+00:00,5,BUY,SO1,35673.66792,35691.50475396,0.007,0.015,36474.73995184801,249.84053327772,0.12492026663886001,0.12485783771998832,,True,,False
2023-11-10 11:20:00+00:00,5,SELL,trailing_stop,36843.158500000005,36824.73692075001,0.015,0.0,36474.73995184801,552.3710538112501,0.2761855269056251,0.27632368874994423,,True,5.249954533529999,False
2023-11-10 12:00:00+00:00,6,BUY,Base,37098.9,37117.44945,0.008,0.008,37117.44945,296.9395956,0.14846979780000003,0.14839559999998891,,True,,False
2023-11-14 18:40:00+00:00,6,BUY,SO1,35632.751471999996,35650.567847736,0.007,0.015,36432.9047022768,249.553974934152,0.124776987467076,0.12471463015201152,,True,,False
2023-11-15 18:10:00+00:00,6,SELL,trailing_stop_same_bar,36543.1,36524.82845,0.015,0.0,36432.9047022768,547.87242675,0.273936213375,0.2740732499999649,,True,1.378856215848027,True
2023-11-15 20:00:00+00:00,7,BUY,Base,37527.4,37546.1637,0.008,0.008,37546.1637,300.3693096,0.1501846548,0.15010959999996704,,True,,False
2023-11-16 19:10:00+00:00,7,BUY,SO1,36044.317151999996,36062.339310576,0.007,0.015,36853.7123182688,252.43637517403198,0.126218187587016,0.12615511003200663,,True,,False
2023-11-19 23:05:00+00:00,7,SELL,trailing_stop_same_bar,37257.775,37239.146112500006,0.015,0.0,36853.7123182688,558.5871916875001,0.27929359584375,0.2794333124999321,,True,5.781506913468074,True
2023-11-20 00:00:00+00:00,8,BUY,Base,37375.8,37394.4879,0.008,0.008,37394.4879,299.1559032,0.1495779516,0.14950319999997738,,True,,False
2023-11-21 23:55:00+00:00,8,BUY,SO1,35898.708384,35916.65773819199,0.007,0.015,36704.8338244896,251.41660416734396,0.12570830208367198,0.1256454793439625,,True,,False
2023-11-22 18:45:00+00:00,8,SELL,trailing_stop,37073.2025,37054.665898750005,0.015,0.0,36704.8338244896,555.8199884812501,0.27790999424062507,0.2780490187499163,,True,5.247481113906069,False
2023-11-22 20:00:00+00:00,9,BUY,Base,37296.9,37315.54845,0.008,0.008,37315.54845,298.5243876,0.1492621938,0.14918760000000475,,True,,False
2023-11-22 21:35:00+00:00,9,SELL,trailing_stop,37690.6,37671.7547,0.008,0.0,37315.54845,301.3740376,0.15068701880000002,0.1507624000000069,,True,2.849649999999965,False
2023-11-23 00:00:00+00:00,10,BUY,Base,37413.5,37432.20675,0.008,0.008,37432.20675,299.457654,0.149728827,0.14965399999998044,,True,,False
2023-11-24 10:30:00+00:00,10,SELL,trailing_stop_same_bar,37725.8,37706.9371,0.008,0.0,37432.20675,301.65549680000004,0.15082774840000002,0.15090320000000065,,True,2.1978428000000423,True
2023-11-24 12:00:00+00:00,11,BUY,Base,37749.8,37768.6749,0.008,0.008,37768.6749,302.1493992,0.1510746996,0.150999199999962,,True,,False
2023-11-24 15:35:00+00:00,11,SELL,trailing_stop_same_bar,38200.0,38180.9,0.008,0.0,37768.6749,305.4472,0.15272360000000001,0.15279999999998836,,True,3.2978008000000263,True
2023-11-24 16:00:00+00:00,12,BUY,Base,38217.3,38236.40865,0.007,0.007,38236.40865,267.65486054999997,0.133827430275,0.13376054999996267,,True,,False
2023-11-27 16:00:00+00:00,12,BUY,SO1,36706.952304,36725.305780152,0.007,0.014,37480.857215075994,257.077140461064,0.128538570230532,0.12847433306399034,,True,,False
2023-11-28 17:20:00+00:00,12,SELL,trailing_stop_same_bar,37992.5,37973.50375,0.014,0.0,37480.857215075994,531.6290525000001,0.26581452625,0.2659474999999511,,True,6.897051488936137,True
2023-11-28 20:00:00+00:00,13,BUY,Base,38104.7,38123.752349999995,0.007,0.007,38123.752349999995,266.86626644999996,0.13343313322499997,0.1333664499999868,,True,,False
2023-12-01 09:15:00+00:00,13,SELL,trailing_stop_same_bar,38424.0,38404.788,0.007,0.0,38123.752349999995,268.83351600000003,0.13441675800000003,0.13448399999999675,,True,1.9672495500000369,True
2023-12-01 12:00:00+00:00,14,BUY,Base,38578.0,38597.289,0.007,0.007,38597.289,270.181023,0.13509051149999998,0.13502299999997922,,True,,False
2023-12-02 19:05:00+00:00,14,SELL,trailing_stop_same_bar,38914.3,38894.84285000001,0.007,0.0,38597.289,272.26389995000005,0.13613194997500003,0.13620004999996307,,True,2.0828769500000783,True
2023-12-02 20:00:00+00:00,15,BUY,Base,39416.4,39436.1082,0.007,0.007,39436.1082,276.0527574,0.1380263787,0.1379574000000066,,True,,False
2023-12-03 22:20:00+00:00,15,SELL,trailing_stop_same_bar,39813.0,39793.0935,0.007,0.0,39436.1082,278.55165450000004,0.13927582725,0.13934549999998125,,True,2.498897100000002,True
2023-12-04 00:00:00+00:00,16,BUY,Base,39979.8,39999.7899,0.007,0.007,39999.7899,279.99852930000003,0.13999926465,0.13992930000000342,,True,,False
2023-12-04 01:20:00+00:00,16,SELL,trailing_stop_same_bar,40349.8,40329.625100000005,0.007,0.0,39999.7899,282.3073757,0.14115368785000001,0.14122429999998712,,True,2.3088464000000095,True
2023-12-04 04:00:00+00:00,17,BUY,Base,40720.6,40740.9603,0.007,0.007,40740.9603,285.1867221,0.14259336105,0.14252210000000196,,True,,False
2023-12-04 05:10:00+00:00,17,SELL,trailing_stop_same_bar,41194.0,41173.403000000006,0.007,0.0,40740.9603,288.21382100000005,0.14410691050000002,0.14417899999996006,,True,3.0270989000000483,True
2023-12-04 08:00:00+00:00,18,BUY,Base,41471.9,41492.635949999996,0.007,0.007,41492.635949999996,290.44845165,0.145224225825,0.1451516499999634,,True,,False
2023-12-04 10:50:00+00:00,18,SELL,trailing_stop_same_bar,41924.325,41903.3628375,0.007,0.0,41492.635949999996,293.3235398625,0.14666176993125002,0.14673513749999983,,True,2.8750882125000063,True
2023-12-04 12:00:00+00:00,19,BUY,Base,41605.9,41626.70295,0.007,0.007,41626.70295,291.38692065,0.145693460325,0.14562064999998256,,True,,False
2023-12-04 22:10:00+00:00,19,SELL,trailing_stop_same_bar,42115.6,42094.5422,0.007,0.0,41626.70295,294.6617954,0.14733089770000002,0.14740459999996527,,True,3.274874750000032,True
2023-12-05 00:00:00+00:00,20,BUY,Base,41993.1,42014.096549999995,0.007,0.007,42014.096549999995,294.09867584999995,0.14704933792499997,0.14697584999997343,,True,,False
2023-12-05 16:40:00+00:00,20,SELL,trailing_stop_same_bar,42402.0,42380.799,0.007,0.0,42014.096549999995,296.665593,0.1483327965,0.14840700000000653,,True,2.5669171500000303,True
2023-12-05 20:00:00+00:00,21,BUY,Base,43834.0,43855.916999999994,0.007,0.007,43855.916999999994,306.99141899999995,0.15349570949999997,0.15341899999995803,,True,,False
2023-12-05 22:25:00+00:00,21,SELL,trailing_stop_same_bar,44305.4595,44283.30677025,0.007,0.0,43855.916999999994,309.98314739175,0.154991573695875,0.15506910824999795,,True,2.9917283917500246,True
2023-12-06 00:00:00+00:00,22,BUY,Base,44081.7,44103.740849999995,0.006,0.006,44103.740849999995,264.6224451,0.13231122255,0.13224509999998554,,True,,False
2023-12-08 21:40:00+00:00,22,SELL,trailing_stop,44555.4035,44533.12579825,0.006,0.0,44103.740849999995,267.1987547895,0.13359937739475,0.13366621049998503,,True,2.5763096895000492,False
2023-12-09 00:00:00+00:00,23,BUY,Base,44209.6,44231.7048,0.006,0.006,44231.7048,265.3902288,0.1326951144,0.13262880000000588,,True,,False
2023-12-11 02:05:00+00:00,23,BUY,SO1,42462.436607999996,42483.667826303994,0.006,0.012,43357.68631315199,254.90200695782397,0.127451003478912,0.12738730982398555,,True,,False
2023-12-11 19:40:00+00:00,23,BUY,SO2,40250.851368,40270.976793684,0.006,0.018000000000000002,42328.783139996,241.625860762104,0.120812930381052,0.12075255410397949,,True,,False
2023-12-13 21:50:00+00:00,23,SELL,trailing_stop_same_bar,42773.5,42752.11325,0.018000000000000002,0.0,42328.783139996,769.5380385000001,0.38476901925000007,0.38496149999996127,,True,7.619941980072079,True
2023-12-14 00:00:00+00:00,24,BUY,Base,42875.0,42896.4375,0.007,0.007,42896.4375,300.2750625,0.15013753125,0.15006250000000002,,True,,False
2023-12-14 13:30:00+00:00,24,BUY,SO1,41180.58,41201.17029,0.006,0.013000000000000001,42114.00647999999,247.20702174000002,0.12360351087000002,0.12354174000000058,,True,,False
2023-12-14 14:35:00+00:00,24,SELL,trailing_stop,42577.443,42556.1542785,0.013000000000000001,0.0,42114.00647999999,553.2300056205,0.27661500281025003,0.2767533795000127,,True,5.74792138050012,False
2023-12-14 16:00:00+00:00,25,BUY,Base,42454.1,42475.32704999999,0.007,0.007,42475.32704999999,297.32728934999994,0.14866364467499998,0.14858934999995835,,True,,False
2023-12-14 17:30:00+00:00,25,SELL,trailing_stop_same_bar,42877.7,42856.26115,0.007,0.0,42475.32704999999,299.99382805,0.149996914025,0.15007194999999046,,True,2.666538700000041,True
2023-12-14 20:00:00+00:00,26,BUY,Base,43105.0,43126.5525,0.007,0.007,43126.552500000005,301.8858675,0.15094293375,0.15086749999998575,,True,,False
2023-12-17 23:30:00+00:00,26,BUY,SO1,41401.490399999995,41422.19114519999,0.006,0.013000000000000001,42339.9241824,248.53314687119996,0.12426657343559998,0.12420447119997698,,True,,False
2023-12-19 01:45:00+00:00,26,SELL,trailing_stop_same_bar,42867.4,42845.96630000001,0.013000000000000001,0.0,42339.9241824,556.9975619000002,0.2784987809500001,0.2786380999999237,,True,6.578547528800119,True
2023-12-19 04:00:00+00:00,27,BUY,Base,43100.1,43121.65005,0.007,0.007,43121.65005,301.85155034999997,0.150925775175,0.15085034999998606,,True,,False
2023-12-20 14:05:00+00:00,27,SELL,trailing_stop,43745.175,43723.30241250001,0.007,0.0,43121.65005,306.0631168875001,0.15303155844375005,0.15310811249996187,,True,4.211566537500083,False
2023-12-20 16:00:00+00:00,28,BUY,Base,44078.9,44100.93945,0.007,0.007,44100.93945,308.70657615,0.154353288075,0.15427614999997605,,True,,False
2023-12-26 09:45:00+00:00,28,BUY,SO1,42336.901871999995,42358.07032293599,0.006,0.013000000000000001,43296.53831443199,254.14842193761598,0.127074210968808,0.12701070561599045,,True,,False
2024-01-01 23:25:00+00:00,28,SELL,trailing_stop_same_bar,43875.5,43853.56225,0.013000000000000001,0.0,43296.53831443199,570.0963092500001,0.28504815462500005,0.28519074999996524,,True,7.241311162384125,True
2024-01-02 00:00:00+00:00,29,BUY,Base,44230.3,44252.41515,0.007,0.007,44252.41515,309.76690605,0.154883453025,0.15480604999998468,,True,,False
2024-01-02 00:15:00+00:00,29,SELL,trailing_stop_same_bar,44694.405,44672.0577975,0.007,0.0,44252.41515,312.7044045825,0.15635220229125,0.15643041750000702,,True,2.93749853249998,True
2024-01-02 04:00:00+00:00,30,BUY,Base,45434.9,45457.61745,0.006,0.006,45457.61745,272.7457047,0.13637285235,0.13630469999997877,,True,,False
2024-01-03 11:55:00+00:00,30,BUY,SO1,43639.312752,43661.132408376,0.006,0.012,44559.374929188,261.966794450256,0.130983397225128,0.13091793825599599,,True,,False
2024-01-03 12:05:00+00:00,30,BUY,SO2,41366.4318795,41387.115095439745,0.006,0.018000000000000002,43501.95498460525,248.32269057263846,0.12416134528631924,0.12409929563847254,,True,,False
2024-01-04 15:25:00+00:00,30,SELL,trailing_stop_same_bar,43798.8,43776.90060000001,0.018000000000000002,0.0,43501.95498460525,787.9842108000003,0.3939921054000001,0.39418919999990615,,True,4.949021077105703,True
2024-01-04 16:00:00+00:00,31,BUY,Base,44050.4,44072.4252,0.007,0.007,44072.4252,308.5069764,0.15425348819999998,0.15417639999997482,,True,,False
2024-01-04 20:35:00+00:00,31,SELL,trailing_stop_same_bar,44120.1,44098.03995,0.007,0.0,44072.4252,308.68627965,0.154343139825,0.15442035000000032,,True,0.1793032500000045,True
2024-01-05 00:00:00+00:00,32,BUY,Base,44143.8,44165.8719,0.007,0.007,44165.8719,309.1611033,0.15458055164999998,0.15450329999996756,,True,,False
2024-01-05 01:45:00+00:00,32,BUY,SO1,42399.237023999995,42420.436642511995,0.006,0.013000000000000001,43360.28639654399,254.52261985507198,0.12726130992753598,0.1271977110720036,,True,,False
2024-01-05 09:00:00+00:00,32,SELL,trailing_stop_same_bar,43911.6,43889.6442,0.013000000000000001,0.0,43360.28639654399,570.5653746,0.2852826873,0.28542539999994915,,True,6.881651444928161,True
2024-01-05 12:00:00+00:00,33,BUY,Base,43769.9,43791.78495,0.007,0.007,43791.78495,306.54249465000004,0.15327124732500003,0.15319464999999763,,True,,False
2024-01-05 20:50:00+00:00,33,SELL,trailing_stop_same_bar,43795.9,43774.00205,0.007,0.0,43791.78495,306.41801435,0.15320900717500002,0.15328564999999073,,True,-0.12448029999998834,True
2024-01-06 00:00:00+00:00,34,BUY,Base,44145.3,44167.37265,0.007,0.007,44167.37265,309.17160855,0.154585804275,0.15450854999996227,,True,,False
2024-01-08 12:00:00+00:00,34,SELL,trailing_stop_same_bar,44637.2,44614.8814,0.007,0.0,44167.37265,312.3041698,0.15615208490000002,0.15623019999999088,,True,3.132561250000006,True
2024-01-08 16:00:00+00:00,35,BUY,Base,44969.7,44992.18485,0.007,0.007,44992.18485,314.94529395,0.15747264697500002,0.15739395000000514,,True,,False
2024-01-08 17:55:00+00:00,35,SELL,trailing_stop_same_bar,45441.550500000005,45418.82972475001,0.007,0.0,44992.18485,317.93180807325007,0.15896590403662503,0.15904542674997357,,True,2.9865141232500756,True
2024-01-08 20:00:00+00:00,36,BUY,Base,47007.1,47030.60354999999,0.006,0.006,47030.60354999999,282.18362129999997,0.14109181064999998,0.14102129999996396,,True,,False
2024-01-09 21:10:00+00:00,36,SELL,trailing_stop_same_bar,46722.0,46698.639,0.006,0.0,47030.60354999999,280.19183400000003,0.14009591700000001,0.1401659999999829,,True,-1.9917872999999382,True
2024-01-10 00:00:00+00:00,37,BUY,Base,46113.9,46136.95695,0.006,0.006,46136.95695,276.8217417,0.13841087085,0.13834169999998994,,True,,False
2024-01-10 22:50:00+00:00,37,SELL,trailing_stop_same_bar,46540.9,46517.629550000005,0.006,0.0,46136.95695,279.10577730000006,0.13955288865000004,0.13962269999997806,,True,2.284035600000032,True
2024-01-11 00:00:00+00:00,38,BUY,Base,46663.0,46686.3315,0.006,0.006,46686.3315,280.117989,0.1400589945,0.1399890000000014,,True,,False
2024-01-11 13:10:00+00:00,38,SELL,trailing_stop,47231.456000000006,47207.84027200001,0.006,0.0,46686.3315,283.24704163200005,0.14162352081600002,0.1416943679999822,,True,3.12905263200005,False
2024-01-11 16:00:00+00:00,39,BUY,Base,46813.4,46836.8067,0.006,0.006,46836.8067,281.0208402,0.1405104201,0.14044019999999727,,True,,False
2024-01-12 15:15:00+00:00,39,BUY,SO1,44963.334431999996,44985.81609921599,0.006,0.012,45911.31139960799,269.91489659529594,0.13495744829764797,0.13489000329596457,,True,,False
2024-01-12 22:00:00+00:00,39,BUY,SO2,42621.494097,42642.8048440485,0.006,0.018000000000000002,44821.80921442149,255.856829064291,0.12792841453214548,0.1278644822909846,,True,,False
2024-01-23 08:50:00+00:00,39,BUY,SO3,39342.917628,39362.589086814,0.006,0.024,43457.004182519624,236.17553452088399,0.118087767260442,0.118028752883969,,True,,False
2024-02-07 20:15:00+00:00,39,SELL,trailing_stop_same_bar,43821.6,43799.6892,0.024,0.0,43457.004182519624,1051.1925408,0.5255962704,0.525859199999948,,True,8.22444041952904,True
2024-02-08 00:00:00+00:00,40,BUY,Base,44326.3,44348.46315,0.007,0.007,44348.46315,310.43924205,0.155219621025,0.1551420500000022,,True,,False
2024-02-08 14:00:00+00:00,40,SELL,trailing_stop_same_bar,44956.687,44934.2086565,0.007,0.0,44348.46315,314.5394605955,0.15726973029775,0.1573484044999932,,True,4.1002185454999704,True
2024-02-08 16:00:00+00:00,41,BUY,Base,45406.4,45429.1032,0.006,0.006,45429.1032,272.5746192,0.1362873096,0.13621919999997772,,True,,False
2024-02-09 02:45:00+00:00,41,SELL,trailing_stop_same_bar,45944.4,45921.427800000005,0.006,0.0,45429.1032,275.5285668,0.13776428340000002,0.13783319999997912,,True,2.9539476000000433,True
2024-02-09 04:00:00+00:00,42,BUY,Base,46046.5,46069.52325,0.006,0.006,46069.523250000006,276.4171395,0.13820856975,0.13813949999999023,,True,,False
2024-02-09 11:45:00+00:00,42,SELL,trailing_stop_same_bar,46894.35,46870.902825000005,0.006,0.0,46069.523250000006,281.22541695,0.14061270847500001,0.14068304999996326,,True,4.808277449999994,True
2024-02-09 12:00:00+00:00,43,BUY,Base,47155.9,47179.47795,0.006,0.006,47179.47795000001,283.07686770000004,0.14153843385000003,0.14146769999999378,,True,,False
2024-02-09 18:00:00+00:00,43,SELL,trailing_stop_same_bar,47624.0,47600.188,0.006,0.0,47179.47795000001,285.601128,0.14280056400000002,0.14287199999998848,,True,2.5242602999999653,True
2024-02-09 20:00:00+00:00,44,BUY,Base,47486.3,47510.04315,0.006,0.006,47510.04315,285.0602589,0.14253012945000001,0.14245889999996872,,True,,False
2024-02-11 03:35:00+00:00,44,SELL,trailing_stop_same_bar,48179.4,48155.310300000005,0.006,0.0,47510.04315,288.93186180000004,0.1444659309,0.14453819999998085,,True,3.871602900000042,True
2024-02-11 04:00:00+00:00,45,BUY,Base,48517.6,48541.858799999995,0.006,0.006,48541.8588,291.2511528,0.1456255764,0.14555279999997583,,True,,False
2024-02-12 15:30:00+00:00,45,SELL,trailing_stop_same_bar,49034.9,49010.38255,0.006,0.0,48541.8588,294.0622953,0.14703114765,0.14710469999999623,,True,2.8111425000000017,True
2024-02-12 16:00:00+00:00,46,BUY,Base,49925.5,49950.46275,0.006,0.006,49950.462750000006,299.7027765,0.14985138825000002,0.14977649999999268,,True,,False
2024-02-14 08:55:00+00:00,46,SELL,trailing_stop_same_bar,50237.3,50212.181350000006,0.006,0.0,49950.462750000006,301.27308810000005,0.15063654405000004,0.15071189999998025,,True,1.570311600000001,True
2024-02-14 12:00:00+00:00,47,BUY,Base,51601.1,51626.90055,0.006,0.006,51626.90055,309.7614033,0.15488070165,0.1548032999999996,,True,,False
2024-02-15 00:20:00+00:00,47,SELL,trailing_stop_same_bar,51969.0,51943.0155,0.006,0.0,51626.90055,311.658093,0.1558290465,0.15590699999999197,,True,1.8966897000000171,True
2024-02-15 04:00:00+00:00,48,BUY,Base,52379.9,52406.08995,0.006,0.006,52406.08995,314.4365397,0.15721826985,0.15713969999999972,,True,,False
2024-02-26 16:05:00+00:00,48,SELL,trailing_stop_same_bar,52914.7,52888.24265,0.006,0.0,52406.08995,317.3294559,0.15866472795000003,0.1587440999999817,,True,2.8929161999999926,True
2024-02-26 20:00:00+00:00,49,BUY,Base,54531.2,54558.465599999996,0.005,0.005,54558.465599999996,272.792328,0.13639616400000001,0.13632799999999407,,True,,False
2024-02-27 01:40:00+00:00,49,SELL,trailing_stop_same_bar,54833.2,54805.7834,0.005,0.0,54558.465599999996,274.02891700000004,0.13701445850000002,0.13708299999998416,,True,1.2365890000000217,True
2024-02-27 04:00:00+00:00,50,BUY,Base,55773.1,55800.986549999994,0.005,0.005,55800.986549999994,279.00493274999997,0.139502466375,0.13943274999997812,,True,,False
2024-02-27 10:00:00+00:00,50,SELL,trailing_stop,56516.0,56487.742000000006,0.005,0.0,55800.986549999994,282.43871,0.14121935500000002,0.14128999999997177,,True,3.4337772500000576,False
2024-02-27 12:00:00+00:00,51,BUY,Base,56581.4,56609.6907,0.005,0.005,56609.6907,283.0484535,0.14152422675,0.1414534999999887,,True,,False
2024-02-27 12:40:00+00:00,51,SELL,trailing_stop_same_bar,57162.0,57133.419,0.005,0.0,56609.6907,285.667095,0.14283354750000002,0.14290499999999157,,True,2.6186415000000127,True
2024-02-27 16:00:00+00:00,52,BUY,Base,56775.1,56803.48755,0.005,0.005,56803.48755,284.01743775,0.142008718875,0.14193774999999734,,True,,False
2024-02-27 19:50:00+00:00,52,SELL,trailing_stop_same_bar,57342.9,57314.22855000001,0.005,0.0,56803.48755,286.57114275000004,0.14328557137500003,0.14335724999997182,,True,2.5537050000000456,True
2024-02-27 20:00:00+00:00,53,BUY,Base,57390.7,57419.39534999999,0.005,0.005,57419.39534999999,287.09697674999995,0.14354848837499998,0.14347674999997254,,True,,False
2024-02-28 07:50:00+00:00,53,SELL,trailing_stop_same_bar,57944.0,57915.028000000006,0.005,0.0,57419.39534999999,289.57514000000003,0.14478757000000003,0.14485999999997148,,True,2.4781632500000708,True
2024-02-28 08:00:00+00:00,54,BUY,Base,58299.9,58329.04995,0.005,0.005,58329.04995,291.64524975,0.145822624875,0.1457497499999954,,True,,False
2024-02-28 08:50:00+00:00,54,SELL,trailing_stop_same_bar,59013.6,58984.0932,0.005,0.0,58329.04995,294.92046600000003,0.14746023300000002,0.14753399999997782,,True,3.275216250000012,True
2024-02-28 12:00:00+00:00,55,BUY,Base,58997.4,59026.8987,0.005,0.005,59026.898700000005,295.1344935,0.14756724675000002,0.14749349999998232,,True,,False
2024-02-28 13:05:00+00:00,55,SELL,trailing_stop_same_bar,59448.5,59418.77575,0.005,0.0,59026.898700000005,297.09387875,0.148546939375,0.1486212499999965,,True,1.9593852499999775,True
2024-02-28 16:00:00+00:00,56,BUY,Base,61000.0,61030.5,0.005,0.005,61030.50000000001,305.15250000000003,0.15257625000000002,0.1525,,True,,False
2024-02-28 16:50:00+00:00,56,SELL,trailing_stop_same_bar,61818.3,61787.39085,0.005,0.0,61030.50000000001,308.93695425000004,0.15446847712500003,0.1545457499999975,,True,3.784454249999981,True
2024-02-28 20:00:00+00:00,57,BUY,Base,61032.8,61063.316399999996,0.005,0.005,61063.316399999996,305.316582,0.152658291,0.15258199999996577,,True,,False
2024-02-28 23:10:00+00:00,57,SELL,trailing_stop_same_bar,61860.543,61829.612728500004,0.005,0.0,61063.316399999996,309.1480636425,0.15457403182125,0.1546513574999699,,True,3.831481642500039,True
2024-02-29 00:00:00+00:00,58,BUY,Base,62487.9,62519.14395,0.005,0.005,62519.14395,312.59571975,0.156297859875,0.156219749999982,,True,,False
2024-02-29 06:15:00+00:00,58,SELL,trailing_stop_same_bar,63160.7095,63129.12914525,0.005,0.0,62519.14395,315.64564572625,0.157822822863125,0.15790177374998166,,True,3.049925976250015,True
2024-02-29 08:00:00+00:00,59,BUY,Base,62761.6,62792.9808,0.005,0.005,62792.9808,313.964904,0.156982452,0.156903999999995,,True,,False
2024-03-04 00:25:00+00:00,59,SELL,trailing_stop_same_bar,63498.2,63466.4509,0.005,0.0,62792.9808,317.33225450000003,0.15866612725,0.15874549999996818,,True,3.3673505000000294,True
2024-03-04 04:00:00+00:00,60,BUY,Base,63524.0,63555.761999999995,0.005,0.005,63555.761999999995,317.77880999999996,0.15888940499999998,0.15880999999997586,,True,,False
2024-03-04 08:05:00+00:00,60,SELL,trailing_stop_same_bar,64210.2,64178.094900000004,0.005,0.0,63555.761999999995,320.89047450000004,0.16044523725,0.160525499999967,,True,3.1116645000000425,True
2024-03-04 12:00:00+00:00,61,BUY,Base,65313.9,65346.55695,0.004,0.004,65346.55694999999,261.3862278,0.1306931139,0.13062779999998747,,True,,False
2024-03-04 14:40:00+00:00,61,SELL,trailing_stop_same_bar,65977.3,65944.31135,0.004,0.0,65346.55694999999,263.7772454,0.1318886227,0.1319545999999973,,True,2.3910176000000503,True
2024-03-04 16:00:00+00:00,62,BUY,Base,66505.4,66538.65269999999,0.004,0.004,66538.65269999999,266.15461079999994,0.13307730539999998,0.1330107999999891,,True,,False
2024-03-04 17:35:00+00:00,62,SELL,trailing_stop_same_bar,67310.357,67276.70182150001,0.004,0.0,66538.65269999999,269.10680728600005,0.13455340364300003,0.13462071399996056,,True,2.952196486000088,True
2024-03-04 20:00:00+00:00,63,BUY,Base,67483.2,67516.94159999999,0.004,0.004,67516.94159999999,270.0677664,0.13503388319999998,0.1349663999999757,,True,,False
2024-03-04 23:15:00+00:00,63,SELL,trailing_stop,68257.0,68222.87150000001,0.004,0.0,67516.94159999999,272.89148600000004,0.13644574300000004,0.13651399999996647,,True,2.8237196000000697,False
2024-03-05 00:00:00+00:00,64,BUY,Base,68296.5,68330.64825,0.004,0.004,68330.64825,273.322593,0.1366612965,0.1365929999999935,,True,,False
2024-03-05 05:00:00+00:00,64,BUY,SO1,65597.42232,65630.22103115999,0.004,0.008,66980.43464058,262.52088412463996,0.13126044206232,0.13119484463997652,,True,,False
2024-03-05 13:25:00+00:00,64,SELL,trailing_stop,67801.29,67767.38935499999,0.008,0.0,66980.43464058,542.1391148399999,0.27106955742,0.27120516000001227,,True,6.295637715359917,False
2024-03-05 16:00:00+00:00,65,BUY,Base,66839.8,66873.2199,0.004,0.004,66873.2199,267.4928796,0.1337464398,0.13367959999997403,,True,,False
2024-03-05 17:05:00+00:00,65,BUY,SO1,64198.291103999996,64230.390249551994,0.004,0.008,65551.805074776,256.921560998208,0.128460780499104,0.12839658220799174,,True,,False
2024-03-05 19:55:00+00:00,65,BUY,SO2,60854.630109,60885.057424054496,0.004,0.012,63996.2225245355,243.54022969621798,0.12177011484810898,0.12170926021799096,,True,,False
2024-03-06 05:05:00+00:00,65,SELL,trailing_stop_same_bar,64471.4,64439.164300000004,0.012,0.0,63996.2225245355,773.2699716000001,0.38663498580000005,0.38682839999996943,,True,5.315301305574045,True
2024-03-06 08:00:00+00:00,66,BUY,Base,66759.3,66792.67965,0.004,0.004,66792.67965,267.17071860000004,0.1335853593,0.13351860000001034,,True,,False
2024-03-07 14:35:00+00:00,66,SELL,trailing_stop_same_bar,67625.0,67591.1875,0.004,0.0,66792.67965,270.36475,0.13518237500000002,0.13525,,True,3.194031399999978,True
2024-03-07 16:00:00+00:00,67,BUY,Base,67317.2,67350.85859999999,0.004,0.004,67350.85859999999,269.4034344,0.1347017172,0.1346343999999808,,True,,False
2024-03-08 14:30:00+00:00,67,SELL,trailing_stop_same_bar,67977.7,67943.71115,0.004,0.0,67350.85859999999,271.7748446,0.1358874223,0.1359553999999771,,True,2.3714102000000423,True
2024-03-08 16:00:00+00:00,68,BUY,Base,67685.8,67719.6429,0.004,0.004,67719.6429,270.87857160000004,0.13543928580000003,0.13537160000001314,,True,,False
2024-03-08 17:45:00+00:00,68,SELL,trailing_stop_same_bar,68369.4,68335.2153,0.004,0.0,67719.6429,273.3408612,0.1366704306,0.1367387999999919,,True,2.46228959999996,True
2024-03-08 20:00:00+00:00,69,BUY,Base,68921.9,68956.36094999999,0.004,0.004,68956.36094999999,275.82544379999996,0.13791272189999998,0.1378437999999733,,True,,False
2024-03-10 09:55:00+00:00,69,SELL,trailing_stop,69641.841,69607.0200795,0.004,0.0,68956.36094999999,278.428080318,0.13921404015900002,0.1392836820000084,,True,2.6026365180000433,False
2024-03-10 12:00:00+00:00,70,BUY,Base,69639.6,69674.4198,0.004,0.004,69674.4198,278.69767920000004,0.13934883960000002,0.13927919999998994,,True,,False
2024-03-11 07:10:00+00:00,70,SELL,trailing_stop_same_bar,69974.9,69939.91255,0.004,0.0,69674.4198,279.75965019999995,0.13987982509999997,0.13994980000000215,,True,1.0619709999999614,True
2024-03-11 08:00:00+00:00,71,BUY,Base,71223.9,71259.51194999999,0.004,0.004,71259.51194999999,285.03804779999996,0.14251902389999999,0.14244779999996535,,True,,False
2024-03-11 11:50:00+00:00,71,SELL,trailing_stop,71984.56850000001,71948.57621575001,0.004,0.0,71259.51194999999,287.79430486300004,0.14389715243150003,0.1439691369999782,,True,2.7562570630001137,False
2024-03-11 12:00:00+00:00,72,BUY,Base,71558.6,71594.3793,0.004,0.004,71594.3793,286.3775172,0.1431887586,0.14311719999997877,,True,,False
2024-03-11 15:35:00+00:00,72,SELL,trailing_stop_same_bar,72408.6375,72372.43318125,0.004,0.0,71594.3793,289.489732725,0.1447448663625,0.14481727499997943,,True,3.112215525000007,True
2024-03-11 16:00:00+00:00,73,BUY,Base,72061.3,72097.33065,0.004,0.004,72097.33065,288.3893226,0.1441946613,0.14412260000000243,,True,,False
2024-03-12 14:05:00+00:00,73,SELL,trailing_stop_same_bar,72634.5,72598.18275,0.004,0.0,72097.33065,290.392731,0.1451963655,0.14526899999997114,,True,2.0034084000000147,True
2024-03-12 16:00:00+00:00,74,BUY,Base,71779.2,71815.08959999999,0.004,0.004,71815.08959999999,287.2603584,0.14363017919999999,0.14355839999997988,,True,,False
2024-03-12 17:20:00+00:00,74,BUY,SO1,68942.486016,68976.95725900799,0.004,0.008,70396.023429504,275.90782903603196,0.13795391451801597,0.13788497203198494,,True,,False
2024-03-12 18:50:00+00:00,74,SELL,trailing_stop_same_bar,71209.165,71173.5604175,0.008,0.0,70396.023429504,569.38848334,0.28469424167,0.28483665999991353,,True,6.220295903968043,True
2024-03-12 20:00:00+00:00,75,BUY,Base,71403.0,71438.7015,0.004,0.004,71438.7015,285.754806,0.142877403,0.1428059999999823,,True,,False
2024-03-13 07:25:00+00:00,75,SELL,trailing_stop,72945.1415,72908.66892925001,0.004,0.0,71438.7015,291.63467571700005,0.14581733785850004,0.145890282999957,,True,5.8798697170000525,False
2024-03-13 08:00:00+00:00,76,BUY,Base,72964.1,73000.58205,0.004,0.004,73000.58205,292.0023282,0.14600116410000002,0.14592819999996573,,True,,False
2024-03-14 16:30:00+00:00,76,BUY,SO1,70080.55876799999,70115.59904738398,0.004,0.008,71558.090548692,280.4623961895359,0.14023119809476797,0.1401611175359576,,True,,False
2024-03-15 09:05:00+00:00,76,BUY,SO2,66430.5296655,66463.74493033274,0.004,0.012,69859.97534257224,265.854979721331,0.1329274898606655,0.13286105933098588,,True,,False
2024-03-20 04:35:00+00:00,76,BUY,SO3,61320.488922,61351.14916646099,0.004,0.016,67732.76879854442,245.40459666584397,0.12270229833292198,0.12264097784398473,,True,,False
2024-03-25 14:10:00+00:00,76,SELL,trailing_stop_same_bar,68438.6,68404.38070000001,0.016,0.0,67732.76879854442,1094.4700912,0.5472350456,0.5475087999999523,,True,10.745790423289407,True
2024-03-25 16:00:00+00:00,77,BUY,Base,69844.5,69879.42225,0.004,0.004,69879.42225,279.517689,0.1397588445,0.13968900000001305,,True,,False
2024-03-25 19:05:00+00:00,77,SELL,trailing_stop_same_bar,70644.005,70608.68299750001,0.004,0.0,69879.42225,282.43473199000005,0.14121736599500004,0.1412880099999602,,True,2.9170429900000454,True
2024-03-25 20:00:00+00:00,78,BUY,Base,71019.6,71055.1098,0.004,0.004,71055.1098,284.22043920000004,0.14211021960000003,0.14203919999999925,,True,,False
2024-04-01 15:10:00+00:00,78,BUY,SO1,68212.905408,68247.011860704,0.004,0.008,69651.06083035201,272.988047442816,0.136494023721408,0.13642581081599928,,True,,False
2024-04-02 13:30:00+00:00,78,BUY,SO2,64660.14991800001,64692.47999295901,0.004,0.012,67998.20055122102,258.76991997183603,0.129384959985918,0.12932029983599205,,True,,False
2024-04-04 18:00:00+00:00,78,SELL,trailing_stop_same_bar,68847.0,68812.57650000001,0.012,0.0,67998.20055122102,825.7509180000002,0.4128754590000001,0.4130819999998785,,True,9.772511385347928,True
2024-04-04 20:00:00+00:00,79,BUY,Base,68483.9,68518.14194999999,0.004,0.004,68518.14194999999,274.07256779999994,0.13703628389999997,0.13696779999998399,,True,,False
2024-04-06 23:05:00+00:00,79,SELL,trailing_stop_same_bar,69261.7,69227.06915,0.004,0.0,68518.14194999999,276.90827659999997,0.13845413829999997,0.1385234000000055,,True,2.835708800000022,True
2024-04-07 00:00:00+00:00,80,BUY,Base,68901.5,68935.95074999999,0.004,0.004,68935.95074999999,275.74380299999996,0.13787190149999998,0.13780299999995624,,True,,False
2024-04-07 16:15:00+00:00,80,SELL,trailing_stop_same_bar,69849.0,69814.0755,0.004,0.0,68935.95074999999,279.256302,0.139628151,0.13969799999997487,,True,3.512499000000069,True
2024-04-07 20:00:00+00:00,81,BUY,Base,69090.0,69124.545,0.004,0.004,69124.545,276.49818,0.13824909,0.13817999999999303,,True,,False
2024-04-08 07:30:00+00:00,81,SELL,trailing_stop_same_bar,70110.2,70075.1449,0.004,0.0,69124.545,280.3005796,0.1401502898,0.14022039999999106,,True,3.802399600000004,True
2024-04-08 08:00:00+00:00,82,BUY,Base,70745.4,70780.77269999999,0.004,0.004,70780.77269999999,283.12309079999994,0.14156154539999996,0.14149079999997047,,True,,False
2024-04-08 08:50:00+00:00,82,SELL,trailing_stop_same_bar,71321.2,71285.5394,0.004,0.0,70780.77269999999,285.14215759999996,0.14257107879999997,0.14264240000001155,,True,2.01906680000003,True
2024-04-08 12:00:00+00:00,83,BUY,Base,72472.6,72508.8363,0.004,0.004,72508.8363,290.0353452,0.1450176726,0.14494519999995828,,True,,False
2024-04-09 08:05:00+00:00,83,BUY,SO1,69608.482848,69643.28708942399,0.004,0.008,71076.061694712,278.57314835769597,0.139286574178848,0.1392169656959595,,True,,False
2024-04-12 18:35:00+00:00,83,BUY,SO2,65983.041033,66016.0325535165,0.004,0.012,69389.3853143135,264.06413021406604,0.13203206510703303,0.1319660820660065,,True,,False
2024-04-13 20:05:00+00:00,83,BUY,SO3,60907.42249199999,60937.876203245985,0.004,0.016,67276.50803654663,243.75150481298394,0.12187575240649197,0.12181484498397913,,True,,False
2024-05-20 17:10:00+00:00,83,SELL,trailing_stop_same_bar,68060.0,68025.97,0.016,0.0,67276.50803654663,1088.41552,0.54420776,0.5444799999999814,,True,11.99139141525398,True
2024-05-20 20:00:00+00:00,84,BUY,Base,69996.5,70031.49824999999,0.004,0.004,70031.49824999999,280.12599299999994,0.14006299649999998,0.13999299999995857,,True,,False
2024-05-20 23:20:00+00:00,84,SELL,trailing_stop_same_bar,70441.6,70406.37920000001,0.004,0.0,70031.49824999999,281.62551680000007,0.14081275840000004,0.14088319999998203,,True,1.4995238000000828,True
2024-05-21 00:00:00+00:00,85,BUY,Base,71466.5,71502.23324999999,0.004,0.004,71502.23324999999,286.00893299999996,0.14300446649999998,0.1429329999999609,,True,,False
2024-05-23 13:35:00+00:00,85,BUY,SO1,68642.14391999999,68676.46499195999,0.004,0.008,70089.34912097998,274.70585996783996,0.13735292998391999,0.13728428784001154,,True,,False
2024-06-04 18:55:00+00:00,85,SELL,trailing_stop,70790.66799999999,70755.27266599999,0.008,0.0,70089.34912097998,566.042181328,0.283021090664,0.28316267200000583,,True,5.327388360160054,False
2024-06-04 20:00:00+00:00,86,BUY,Base,70459.1,70494.32955,0.004,0.004,70494.32955,281.9773182,0.1409886591,0.14091819999995642,,True,,False
2024-06-05 15:45:00+00:00,86,SELL,trailing_stop,71433.04,71397.32347999999,0.004,0.0,70494.32955,285.58929392,0.14279464696,0.14286608000000706,,True,3.611975719999988,False
2024-06-05 16:00:00+00:00,87,BUY,Base,71625.2,71661.01259999999,0.004,0.004,71661.01259999999,286.64405039999997,0.14332202519999998,0.14325039999996078,,True,,False
2024-06-07 18:10:00+00:00,87,BUY,SO1,68794.57209599999,68828.96938204799,0.004,0.008,70244.990991024,275.31587752819195,0.137657938764096,0.13758914419199572,,True,,False
2024-06-14 16:40:00+00:00,87,BUY,SO2,65211.52146599999,65244.127226732984,0.004,0.012,68578.036402927,260.97650890693194,0.13048825445346598,0.1304230429319723,,True,,False
2024-06-24 16:45:00+00:00,87,BUY,SO3,60195.25058399999,60225.34820929198,0.004,0.016,66489.86435451824,240.90139283716792,0.12045069641858396,0.12039050116797444,,True,,False
2024-07-20 17:15:00+00:00,87,SELL,trailing_stop_same_bar,67049.5,67015.97525,0.016,0.0,66489.86435451824,1072.2556040000002,0.5361278020000001,0.5363959999999497,,True,8.417774327708175,True
2024-07-20 20:00:00+00:00,88,BUY,Base,67195.0,67228.5975,0.005,0.005,67228.5975,336.1429875,0.16807149375,0.16798750000001747,,True,,False
2024-07-21 21:35:00+00:00,88,SELL,trailing_stop_same_bar,67829.6,67795.6852,0.005,0.0,67228.5975,338.97842600000007,0.16948921300000003,0.16957399999999326,,True,2.8354385000000186,True
2024-07-22 00:00:00+00:00,89,BUY,Base,68138.0,68172.069,0.005,0.005,68172.069,340.860345,0.1704301725,0.1703450000000157,,True,,False
2024-07-23 19:50:00+00:00,89,BUY,SO1,65445.18624,65477.90883312,0.004,0.009000000000000001,66974.66448138666,261.91163533248,0.13095581766624,0.13089037247997476,,True,,False
2024-07-26 14:05:00+00:00,89,SELL,trailing_stop,67642.488,67608.666756,0.009000000000000001,0.0,66974.66448138666,608.4780008040001,0.304239000402,0.30439119599992415,,True,5.706020471520126,False
2024-07-26 16:00:00+00:00,90,BUY,Base,67527.9,67561.66394999999,0.005,0.005,67561.66394999999,337.80831974999995,0.168904159875,0.16881974999996602,,True,,False
2024-07-27 13:10:00+00:00,90,SELL,trailing_stop_same_bar,68505.9,68471.64705,0.005,0.0,67561.66394999999,342.35823525,0.17117911762500002,0.171264749999973,,True,4.549915500000061,True
2024-07-27 16:00:00+00:00,91,BUY,Base,68821.9,68856.31094999998,0.004,0.004,68856.31094999998,275.4252437999999,0.13771262189999997,0.13764379999996162,,True,,False
2024-07-29 13:05:00+00:00,91,SELL,trailing_stop_same_bar,69730.595,69695.7297025,0.004,0.0,68856.31094999998,278.78291881,0.139391459405,0.13946119000000182,,True,3.3576750100000647,True
2024-07-29 16:00:00+00:00,92,BUY,Base,68067.3,68101.33365,0.005,0.005,68101.33365,340.50666825,0.17025333412500002,0.1701682499999879,,True,,False
2024-07-30 20:05:00+00:00,92,BUY,SO1,65377.280304,65409.968944151995,0.004,0.009000000000000001,66905.171558512,261.639875776608,0.130819937888304,0.13075456060798024,,True,,False
2024-08-02 21:10:00+00:00,92,BUY,SO2,61972.2136215,62003.19972831075,0.004,0.013000000000000001,65396.87253383469,248.012798913243,0.1240063994566215,0.12394442724299734,,True,,False
2024-08-04 17:40:00+00:00,92,BUY,SO3,57205.120266,57233.722826132995,0.005,0.018000000000000002,63129.330948361996,286.168614130665,0.1430843070653325,0.14301280066498293,,True,,False
2024-08-05 06:20:00+00:00,92,BUY,SO4,50394.986901,50420.184394450494,0.005,0.023000000000000003,60366.47300185949,252.10092197225248,0.12605046098612624,0.1259874672524893,,True,,False
2024-08-08 21:55:00+00:00,92,SELL,trailing_stop_same_bar,60467.1,60436.86645,0.023000000000000003,0.0,60366.47300185949,1390.0479283500001,0.6950239641750001,0.6953716499999356,,True,1.619049307231697,True
2024-08-09 00:00:00+00:00,93,BUY,Base,61659.8,61690.6299,0.005,0.005,61690.6299,308.4531495,0.15422657475,0.15414949999998498,,True,,False
2024-08-11 20:00:00+00:00,93,BUY,SO1,59223.004704,59252.616206351995,0.005,0.01,60471.623053175994,296.26308103176,0.14813154051588,0.1480575117599801,,True,,False
2024-08-13 17:20:00+00:00,93,SELL,trailing_stop,61134.2925,61103.72535375001,0.01,0.0,60471.623053175994,611.0372535375001,0.30551862676875,0.3056714624999586,,True,6.321023005740135,False
2024-08-13 20:00:00+00:00,94,BUY,Base,60794.5,60824.897249999995,0.005,0.005,60824.897249999995,304.12448624999996,0.152062243125,0.15198624999997265,,True,,False
2024-08-14 12:25:00+00:00,94,SELL,trailing_stop_same_bar,61439.8,61409.08010000001,0.005,0.0,60824.897249999995,307.0454005,0.15352270025,0.15359949999998207,,True,2.92091425000006,True
2024-08-14 16:00:00+00:00,95,BUY,Base,59396.9,59426.59845,0.005,0.005,59426.59844999999,297.13299225,0.148566496125,0.14849224999998115,,True,,False
2024-08-15 19:10:00+00:00,95,BUY,SO1,57049.534512,57078.059279256,0.005,0.01,58252.328864628,285.39029639628,0.14269514819814,0.14262383627999953,,True,,False
2024-08-16 17:55:00+00:00,95,SELL,trailing_stop_same_bar,58884.8,58855.3576,0.01,0.0,58252.328864628,588.553576,0.294276788,0.2944239999999991,,True,6.03028735372005,True
2024-08-16 20:00:00+00:00,96,BUY,Base,59649.3,59679.12465,0.005,0.005,59679.12464999999,298.39562324999997,0.14919781162499998,0.1491232499999751,,True,,False
2024-08-20 00:30:00+00:00,96,SELL,trailing_stop_same_bar,60286.4,60256.2568,0.005,0.0,59679.12464999999,301.281284,0.15064064200000002,0.15071599999999308,,True,2.885660750000061,True
2024-08-20 04:00:00+00:00,97,BUY,Base,60588.5,60618.79425,0.005,0.005,60618.79424999999,303.09397125,0.151546985625,0.15147124999999506,,True,,False
2024-08-21 20:05:00+00:00,97,SELL,trailing_stop,61484.9305,61454.188034750005,0.005,0.0,60618.79424999999,307.27094017375003,0.15363547008687503,0.15371232624998812,,True,4.1769689237500645,False
2024-08-22 00:00:00+00:00,98,BUY,Base,61120.0,61150.56,0.005,0.005,61150.56,305.7528,0.1528764,0.15279999999998836,,True,,False
2024-08-23 14:10:00+00:00,98,SELL,trailing_stop_same_bar,61739.0,61708.13050000001,0.005,0.0,61150.56,308.5406525,0.15427032625,0.1543474999999671,,True,2.7878525000000445,True
2024-08-23 16:00:00+00:00,99,BUY,Base,61498.6,61529.349299999994,0.005,0.005,61529.3493,307.6467465,0.15382337325,0.15374649999997927,,True,,False
2024-08-23 17:45:00+00:00,99,SELL,trailing_stop_same_bar,62243.2,62212.0784,0.005,0.0,61529.3493,311.060392,0.15553019599999998,0.1556079999999929,,True,3.4136454999999843,True
2024-08-23 20:00:00+00:00,100,BUY,Base,63577.4,63609.1887,0.005,0.005,63609.188700000006,318.0459435,0.15902297175000002,0.15894349999998666,,True,,False
2024-08-23 21:20:00+00:00,100,SELL,trailing_stop_same_bar,63931.6,63899.6342,0.005,0.0,63609.188700000006,319.498171,0.1597490855,0.15982899999999065,,True,1.4522274999999718,True
2024-08-24 00:00:00+00:00,101,BUY,Base,64020.0,64052.009999999995,0.005,0.005,64052.009999999995,320.26005,0.16013002499999998,0.1600499999999738,,True,,False
2024-08-25 23:25:00+00:00,101,SELL,trailing_stop_same_bar,64613.9,64581.59305,0.005,0.0,64052.009999999995,322.90796525,0.16145398262500002,0.16153474999999162,,True,2.647915250000042,True
2024-08-26 00:00:00+00:00,102,BUY,Base,64190.1,64222.195049999995,0.005,0.005,64222.195049999995,321.11097524999997,0.160555487625,0.1604752499999813,,True,,False
2024-08-27 15:05:00+00:00,102,BUY,SO1,61653.30724799999,61684.13390162399,0.004,0.009000000000000001,63094.16787294398,246.73653560649595,0.12336826780324797,0.12330661449598847,,True,,False
2024-08-27 22:10:00+00:00,102,BUY,SO2,58442.1974955,58471.41859424774,0.005,0.014000000000000002,61443.185987695324,292.3570929712387,0.14617854648561937,0.14610549373872345,,True,,False
2024-09-06 15:15:00+00:00,102,BUY,SO3,53946.64384199999,53973.617163920986,0.005,0.019000000000000003,59477.50998143891,269.8680858196049,0.13493404290980246,0.1348666096049783,,True,,False
2024-09-14 02:45:00+00:00,102,SELL,trailing_stop,60294.015,60263.8679925,0.019000000000000003,0.0,59477.50998143891,1145.0134918575002,0.5725067459287501,0.5727931424999261,,True,14.940802210160767,False
2024-09-14 04:00:00+00:00,103,BUY,Base,60290.5,60320.645249999994,0.005,0.005,60320.645249999994,301.60322625,0.15080161312499998,0.1507262499999706,,True,,False
2024-09-16 14:25:00+00:00,103,BUY,SO1,57907.81943999999,57936.77334971999,0.005,0.01,59128.70929986,289.68386674859994,0.14484193337429999,0.14476954859997931,,True,,False
2024-09-17 14:20:00+00:00,103,SELL,trailing_stop_same_bar,59920.5,59890.53975,0.01,0.0,59128.70929986,598.9053975,0.29945269875,0.2996024999999645,,True,7.618304501400053,True
2024-09-17 16:00:00+00:00,104,BUY,Base,61111.0,61141.555499999995,0.005,0.005,61141.555499999995,305.70777749999996,0.15285388874999997,0.15277749999997467,,True,,False
2024-09-19 00:00:00+00:00,104,SELL,trailing_stop_same_bar,61735.3,61704.43235,0.005,0.0,61141.555499999995,308.52216175,0.154261080875,0.1543382500000007,,True,2.8143842500000393,True
2024-09-19 04:00:00+00:00,105,BUY,Base,62086.6,62117.643299999996,0.005,0.005,62117.643299999996,310.5882165,0.15529410825,0.1552164999999877,,True,,False
2024-09-19 12:05:00+00:00,105,SELL,trailing_stop_same_bar,62736.6,62705.231700000004,0.005,0.0,62117.643299999996,313.5261585,0.15676307925000002,0.15684149999997318,,True,2.937942000000039,True
2024-09-19 16:00:00+00:00,106,BUY,Base,63129.0,63160.56449999999,0.005,0.005,63160.5645,315.8028225,0.15790141125,0.15782249999996567,,True,,False
2024-09-20 04:05:00+00:00,106,SELL,trailing_stop_same_bar,63806.06649999999,63774.16346675,0.005,0.0,63160.5645,318.87081733375,0.159435408666875,0.15951516624998477,,True,3.067994833749981,True
2024-09-20 08:00:00+00:00,107,BUY,Base,63494.5,63526.24724999999,0.005,0.005,63526.24724999999,317.63123625,0.158815618125,0.15873624999996536,,True,,False
2024-09-23 03:30:00+00:00,107,SELL,trailing_stop,64401.176,64368.975412,0.005,0.0,63526.24724999999,321.84487706,0.16092243853,0.16100293999999848,,True,4.213640810000034,False
2024-09-23 04:00:00+00:00,108,BUY,Base,64320.1,64352.26005,0.005,0.005,64352.26005,321.76130025,0.160880650125,0.16080024999999296,,True,,False
2024-09-26 15:30:00+00:00,108,SELL,trailing_stop_same_bar,64973.7,64941.21315,0.005,0.0,64352.26005,324.70606575000005,0.16235303287500003,0.16243424999996933,,True,2.9447655000000306,True
2024-09-26 16:00:00+00:00,109,BUY,Base,65200.0,65232.6,0.005,0.005,65232.6,326.163,0.16308150000000002,0.16299999999999273,,True,,False
2024-09-27 14:20:00+00:00,109,SELL,trailing_stop_same_bar,65985.0,65952.0075,0.005,0.0,65232.6,329.76003750000007,0.16488001875000002,0.16496249999996507,,True,3.597037500000042,True
2024-09-27 16:00:00+00:00,110,BUY,Base,65974.1,66007.08705,0.005,0.005,66007.08705,330.03543525000003,0.16501771762500003,0.16493524999998044,,True,,False
2024-09-30 10:05:00+00:00,110,BUY,SO1,63366.803568,63398.486969784,0.004,0.009000000000000001,64847.70923657066,253.59394787913598,0.126796973939568,0.12673360713597503,,True,,False
2024-10-02 19:35:00+00:00,110,BUY,SO2,60066.449215500004,60096.48244010775,0.005,0.014000000000000002,63150.84252354819,300.48241220053876,0.1502412061002694,0.15016612303872534,,True,,False
2024-10-07 14:15:00+00:00,110,SELL,trailing_stop_same_bar,63813.0315,63781.124984250004,0.014000000000000002,0.0,63150.84252354819,892.9357497795002,0.4464678748897501,0.4466912204999099,,True,8.823954449825369,True
2024-10-07 16:00:00+00:00,111,BUY,Base,63620.1,63651.91005,0.005,0.005,63651.910050000006,318.25955025,0.159129775125,0.15905025000000023,,True,,False
2024-10-09 19:00:00+00:00,111,BUY,SO1,61105.833648,61136.386564823995,0.005,0.01,62394.148307412,305.68193282412,0.15284096641206,0.15276458411997737,,True,,False
2024-10-11 19:05:00+00:00,111,SELL,trailing_stop_same_bar,62916.8,62885.34160000001,0.01,0.0,62394.148307412,628.853416,0.314426708,0.3145839999999589,,True,4.911932925880101,True
2024-10-11 20:00:00+00:00,112,BUY,Base,63042.3,63073.821149999996,0.005,0.005,63073.82114999999,315.36910574999996,0.157684552875,0.15760574999996607,,True,,False
2024-10-14 03:40:00+00:00,112,SELL,trailing_stop_same_bar,63823.6,63791.688200000004,0.005,0.0,63073.82114999999,318.95844100000005,0.15947922050000002,0.159558999999972,,True,3.5893352500000764,True
2024-10-14 04:00:00+00:00,113,BUY,Base,64280.8,64312.9404,0.005,0.005,64312.9404,321.564702,0.16078235100000002,0.16070199999998294,,True,,False
2024-10-14 13:45:00+00:00,113,SELL,trailing_stop_same_bar,64969.8,64937.31510000001,0.005,0.0,64312.9404,324.68657550000006,0.16234328775000004,0.16242449999997915,,True,3.121873500000038,True
2024-10-14 16:00:00+00:00,114,BUY,Base,65850.9,65883.82544999999,0.005,0.005,65883.82544999999,329.41912725,0.164709563625,0.1646272499999759,,True,,False
2024-10-15 13:50:00+00:00,114,SELL,trailing_stop_same_bar,66791.0,66757.6045,0.005,0.0,65883.82544999999,333.7880225,0.16689401125,0.1669774999999936,,True,4.36889525000006,True
2024-10-15 16:00:00+00:00,115,BUY,Base,65994.7,66027.69734999999,0.005,0.005,66027.69734999999,330.13848674999997,0.16506924337499998,0.16498674999995275,,True,,False
2024-10-15 16:40:00+00:00,115,SELL,trailing_stop_same_bar,66871.06450000001,66837.62896775002,0.005,0.0,66027.69734999999,334.1881448387501,0.16709407241937504,0.1671776612499525,,True,4.049658088750148,True
2024-10-15 20:00:00+00:00,116,BUY,Base,66937.0,66970.4685,0.005,0.005,66970.4685,334.8523425,0.16742617125,0.16734250000001338,,True,,False
2024-10-16 11:25:00+00:00,116,SELL,trailing_stop_same_bar,67864.97,67831.037515,0.005,0.0,66970.4685,339.155187575,0.1695775937875,0.1696624249999877,,True,4.302845075000005,True
2024-10-16 12:00:00+00:00,117,BUY,Base,67872.3,67906.23615,0.005,0.005,67906.23615,339.53118075,0.169765590375,0.16968074999997043,,True,,False
2024-10-18 19:35:00+00:00,117,SELL,trailing_stop,68655.0,68620.6725,0.005,0.0,67906.23615,343.1033625,0.17155168125,0.17163749999999708,,True,3.572181750000018,False
2024-10-18 20:00:00+00:00,118,BUY,Base,68582.3,68616.59115,0.005,0.005,68616.59115,343.08295575,0.17154147787500001,0.17145574999995006,,True,,False
2024-10-23 16:30:00+00:00,118,BUY,SO1,65871.92750399999,65904.86346775199,0.004,0.009000000000000001,67411.37884677865,263.619453871008,0.131809726935504,0.13174385500798236,,True,,False
2024-10-24 21:25:00+00:00,118,SELL,trailing_stop,68498.2875,68464.03835625,0.009000000000000001,0.0,67411.37884677865,616.1763452062502,0.3080881726031251,0.3082422937499942,,True,9.473935585242202,False
2024-10-25 00:00:00+00:00,119,BUY,Base,68173.8,68207.8869,0.005,0.005,68207.8869,341.03943449999997,0.17051971724999998,0.17043449999997393,,True,,False
2024-10-28 13:50:00+00:00,119,SELL,trailing_stop,68925.73950000001,68891.27663025001,0.005,0.0,68207.8869,344.45638315125007,0.17222819157562502,0.1723143487500056,,True,3.416948651250059,False
2024-10-28 16:00:00+00:00,120,BUY,Base,68459.1,68493.32955,0.005,0.005,68493.32955,342.46664775,0.171233323875,0.17114774999994553,,True,,False
2024-10-28 19:10:00+00:00,120,SELL,trailing_stop_same_bar,69288.417,69253.7727915,0.005,0.0,68493.32955,346.2688639575,0.17313443197875,0.17322104250000847,,True,3.8022162075000234,True
2024-10-28 20:00:00+00:00,121,BUY,Base,69566.1,69600.88305,0.005,0.005,69600.88305,348.00441525,0.17400220762500002,0.17391524999999092,,True,,False
2024-10-29 02:10:00+00:00,121,SELL,trailing_stop_same_bar,70612.0,70576.694,0.005,0.0,69600.88305,352.88347000000005,0.17644173500000002,0.17652999999998428,,True,4.879054749999995,True
2024-10-29 04:00:00+00:00,122,BUY,Base,70927.4,70962.86369999999,0.005,0.005,70962.86369999999,354.81431849999996,0.17740715924999997,0.17731849999996485,,True,,False
2024-10-29 15:30:00+00:00,122,SELL,trailing_stop,71742.88299999999,71707.01155849999,0.005,0.0,70962.86369999999,358.53505779249997,0.17926752889625,0.17935720749999745,,True,3.7207392925000025,False
2024-10-29 16:00:00+00:00,123,BUY,Base,72374.9,72411.08744999999,0.005,0.005,72411.08744999999,362.05543724999995,0.18102771862499997,0.18093724999998814,,True,,False
2024-10-29 19:05:00+00:00,123,SELL,trailing_stop_same_bar,73208.0205,73171.41648975,0.005,0.0,72411.08744999999,365.85708244875,0.18292854122437502,0.18302005124998685,,True,3.8016451987500477,True
2024-10-29 20:00:00+00:00,124,BUY,Base,72534.6,72570.8673,0.004,0.004,72570.8673,290.2834692,0.14514173460000002,0.14506919999996898,,True,,False
2024-11-01 01:30:00+00:00,124,BUY,SO1,69668.032608,69702.86662430399,0.004,0.008,71136.866962152,278.811466497216,0.139405733248608,0.13933606521598996,,True,,False
2024-11-06 02:25:00+00:00,124,SELL,trailing_stop_same_bar,71937.1,71901.13145000002,0.008,0.0,71136.866962152,575.2090516000002,0.2876045258000001,0.287748399999924,,True,6.114115902784164,True
2024-11-06 04:00:00+00:00,125,BUY,Base,74367.1,74404.28355000001,0.004,0.004,74404.28355000001,297.6171342,0.1488085671,0.14873420000000626,,True,,False
2024-11-06 19:30:00+00:00,125,SELL,trailing_stop,75167.5735,75129.98971325,0.004,0.0,74404.28355000001,300.51995885300005,0.15025997942650002,0.15033514699997613,,True,2.9028246529999886,False
2024-11-06 20:00:00+00:00,126,BUY,Base,75817.9,75855.80894999999,0.004,0.004,75855.80894999999,303.4232358,0.15171161789999998,0.1516357999999891,,True,,False
2024-11-08 18:35:00+00:00,126,SELL,trailing_stop_same_bar,76684.451,76646.10877450001,0.004,0.0,75855.80894999999,306.58443509800003,0.15329221754900002,0.15336890199995834,,True,3.1611992980000796,True
2024-11-08 20:00:00+00:00,127,BUY,Base,76894.4,76932.84719999999,0.004,0.004,76932.84719999999,307.7313888,0.1538656944,0.15378879999998027,,True,,False
2024-11-10 04:35:00+00:00,127,SELL,trailing_stop_same_bar,77709.40049999999,77670.54579974999,0.004,0.0,76932.84719999999,310.68218319899995,0.1553410915995,0.15541880099999253,,True,2.950794399000006,True
2024-11-10 08:00:00+00:00,128,BUY,Base,78858.2,78897.62909999999,0.004,0.004,78897.62909999999,315.59051639999996,0.15779525819999998,0.1577163999999757,,True,,False
2024-11-10 11:10:00+00:00,128,SELL,trailing_stop_same_bar,79688.1,79648.25595,0.004,0.0,78897.62909999999,318.5930238,0.15929651190000002,0.1593761999999988,,True,3.0025074000000607,True
2024-11-10 12:00:00+00:00,129,BUY,Base,79926.7,79966.66334999999,0.004,0.004,79966.66334999999,319.86665339999996,0.1599333267,0.1598533999999636,,True,,False
2024-11-10 18:25:00+00:00,129,SELL,trailing_stop_same_bar,80778.6,80738.21070000001,0.004,0.0,79966.66334999999,322.95284280000004,0.16147642140000001,0.1615571999999811,,True,3.0861894000000905,True
2024-11-10 20:00:00+00:00,130,BUY,Base,79793.4,79833.29669999999,0.004,0.004,79833.29669999999,319.33318679999996,0.15966659339999997,0.15958679999999004,,True,,False
2024-11-10 22:20:00+00:00,130,SELL,trailing_stop_same_bar,80832.2,80791.7839,0.004,0.0,79833.29669999999,323.1671356,0.1615835678,0.16166440000000876,,True,3.833948800000013,True
2024-11-11 00:00:00+00:00,131,BUY,Base,80409.9,80450.10495,0.004,0.004,80450.10495,321.8004198,0.1609002099,0.1608197999999975,,True,,False
2024-11-11 01:50:00+00:00,131,SELL,trailing_stop_same_bar,81399.75600000001,81359.05612200001,0.004,0.0,80450.10495,325.43622448800005,0.16271811224400004,0.1627995119999978,,True,3.635804688000062,True
2024-11-11 04:00:00+00:00,132,BUY,Base,81662.3,81703.13115,0.004,0.004,81703.13115,326.8125246,0.16340626230000002,0.16332459999999266,,True,,False
2024-11-11 15:15:00+00:00,132,SELL,trailing_stop_same_bar,82964.6,82923.11770000002,0.004,0.0,81703.13115,331.6924708000001,0.16584623540000004,0.165929199999955,,True,4.879946200000064,True
2024-11-11 16:00:00+00:00,133,BUY,Base,84114.1,84156.15705,0.004,0.004,84156.15705,336.62462819999996,0.16831231409999997,0.1682281999999541,,True,,False
2024-11-11 18:45:00+00:00,133,SELL,trailing_stop_same_bar,85176.577,85133.98871150002,0.004,0.0,84156.15705,340.5359548460001,0.17026797742300004,0.17035315399995307,,True,3.911326646000089,True
2024-11-11 20:00:00+00:00,134,BUY,Base,86180.9,86223.99044999998,0.004,0.004,86223.99044999998,344.89596179999995,0.1724479809,0.1723617999999551,,True,,False
2024-11-11 21:15:00+00:00,134,SELL,trailing_stop_same_bar,87253.1,87209.47345,0.004,0.0,86223.99044999998,348.8378938,0.1744189469,0.17450620000000344,,True,3.941932000000088,True
2024-11-12 00:00:00+00:00,135,BUY,Base,88729.0,88773.3645,0.004,0.004,88773.3645,355.093458,0.17754672900000001,0.17745799999998418,,True,,False
2024-11-12 13:45:00+00:00,135,BUY,SO1,85222.42992,85265.04113495999,0.003,0.007,87269.79734355427,255.79512340487997,0.12789756170244,0.1278336448799819,,True,,False
2024-11-12 18:35:00+00:00,135,SELL,trailing_stop,88345.055,88300.8824725,0.007,0.0,87269.79734355427,618.1061773075,0.30905308865375003,0.3092076924999419,,True,7.217595902620146,False
2024-11-12 20:00:00+00:00,136,BUY,Base,88762.9,88807.28145,0.004,0.004,88807.28145,355.22912579999996,0.1776145629,0.17752580000000306,,True,,False
2024-11-13 14:30:00+00:00,136,SELL,trailing_stop_same_bar,89850.4,89805.4748,0.004,0.0,88807.28145,359.2218992,0.1796109496,0.17970079999999145,,True,3.9927734000000057,True
2024-11-13 16:00:00+00:00,137,BUY,Base,92608.0,92654.30399999999,0.003,0.003,92654.30399999999,277.96291199999996,0.13898145599999998,0.13891199999996753,,True,,False
2024-11-13 21:00:00+00:00,137,BUY,SO1,88948.13183999999,88992.60590591998,0.003,0.006,90823.45495295999,266.97781771775993,0.13348890885887996,0.13342219775996636,,True,,False
2024-11-18 06:55:00+00:00,137,SELL,trailing_stop_same_bar,91405.4,91359.6973,0.006,0.0,90823.45495295999,548.1581838,0.27407909189999996,0.2742161999999662,,True,3.2174540822400597,True
2024-11-18 08:00:00+00:00,138,BUY,Base,91795.9,91841.79795,0.004,0.004,91841.79795,367.3671918,0.1836835959,0.1835917999999947,,True,,False
2024-11-19 17:40:00+00:00,138,SELL,trailing_stop,92867.23049999999,92820.79688475,0.004,0.0,91841.79795,371.28318753900004,0.1856415937695,0.18573446099995636,,True,3.9159957390000346,False
2024-11-19 20:00:00+00:00,139,BUY,Base,93271.6,93318.2358,0.003,0.003,93318.23580000001,279.9547074,0.1399773537,0.13990739999996732,,True,,False
2024-11-20 14:35:00+00:00,139,SELL,trailing_stop,94325.90049999999,94278.73754974999,0.003,0.0,93318.23580000001,282.83621264924994,0.14141810632462498,0.14148885074999998,,True,2.8815052492499382,False
2024-11-20 16:00:00+00:00,140,BUY,Base,94737.6,94784.9688,0.003,0.003,94784.9688,284.3549064,0.1421774532,0.14210639999998967,,True,,False
2024-11-21 04:00:00+00:00,140,SELL,trailing_stop_same_bar,95790.1,95742.20495000001,0.003,0.0,94784.9688,287.22661485000003,0.14361330742500003,0.1436851499999757,,True,2.8717084500000345,True
2024-11-21 08:00:00+00:00,141,BUY,Base,96950.0,96998.47499999999,0.003,0.003,96998.47499999998,290.99542499999995,0.1454977125,0.1454249999999738,,True,,False
2024-11-21 18:30:00+00:00,141,SELL,trailing_stop_same_bar,98007.40049999999,97958.39679975,0.003,0.0,96998.47499999998,293.87519039925,0.14693759519962502,0.1470111007499654,,True,2.879765399250071,True
2024-11-21 20:00:00+00:00,142,BUY,Base,97891.5,97940.44575,0.003,0.003,97940.44575,293.82133725,0.146910668625,0.14683724999999687,,True,,False
2024-11-22 03:25:00+00:00,142,SELL,trailing_stop,98916.93,98867.471535,0.003,0.0,97940.44575,296.60241460500004,0.14830120730250002,0.14837539499996638,,True,2.781077355000016,False
2024-11-22 04:00:00+00:00,143,BUY,Base,98888.9,98938.34444999999,0.003,0.003,98938.34444999999,296.81503334999996,0.148407516675,0.14833334999998624,,True,,False
2024-11-25 15:10:00+00:00,143,BUY,SO1,94980.81067199999,95028.30107733599,0.003,0.006,96983.322763668,285.08490323200795,0.14254245161600398,0.14247121600797982,,True,,False
2024-11-29 15:25:00+00:00,143,SELL,trailing_stop,98219.7335,98170.62363325001,0.006,0.0,96983.322763668,589.0237417995,0.29451187089975,0.2946592004999402,,True,7.123805217492103,False
2024-11-29 16:00:00+00:00,144,BUY,Base,98076.3,98125.33815,0.003,0.003,98125.33815,294.37601445,0.147188007225,0.1471144499999791,,True,,False
2024-12-03 13:50:00+00:00,144,BUY,SO1,94200.32462399999,94247.42478631198,0.003,0.006,96186.38146815599,282.74227435893596,0.14137113717946798,0.14130048693598657,,True,,False
2024-12-04 20:05:00+00:00,144,SELL,trailing_stop_same_bar,97319.4,97270.7403,0.006,0.0,96186.38146815599,583.6244418,0.29181222090000003,0.29195819999993544,,True,6.506152991064097,True
2024-12-05 00:00:00+00:00,145,BUY,Base,98669.8,98719.1349,0.003,0.003,98719.1349,296.15740470000003,0.14807870235,0.14800470000000496,,True,,False
2024-12-05 02:30:00+00:00,145,SELL,trailing_stop_same_bar,99352.7,99303.02365,0.003,0.0,98719.1349,297.90907095,0.148954535475,0.14902904999998282,,True,1.7516662499999949,True
2024-12-05 04:00:00+00:00,146,BUY,Base,103084.7,103136.24234999999,0.003,0.003,103136.24234999999,309.40872705,0.154704363525,0.1546270499999664,,True,,False
2024-12-05 19:55:00+00:00,146,BUY,SO1,99010.79265599998,99060.29805232797,0.003,0.006,101098.27020116398,297.1808941569839,0.14859044707849198,0.1485161889839801,,True,,False
2024-12-05 22:25:00+00:00,146,BUY,SO2,93853.98053849999,93900.90752876924,0.003,0.009000000000000001,98699.14931036573,281.70272258630774,0.14085136129315387,0.14078097080774024,,True,,False
2024-12-06 17:40:00+00:00,146,SELL,trailing_stop_same_bar,99790.4,99740.5048,0.009000000000000001,0.0,98699.14931036573,897.6645432,0.4488322716,0.44905679999999126,,True,9.372199406708416,True
2024-12-06 20:00:00+00:00,147,BUY,Base,101532.6,101583.3663,0.003,0.003,101583.36630000001,304.7500989,0.15237504945000002,0.1522988999999652,,True,,False
2024-12-09 16:00:00+00:00,147,BUY,SO1,97520.03164799999,97568.79166382398,0.003,0.006,99576.07898191198,292.70637499147193,0.14635318749573598,0.14628004747198428,,True,,False
2024-12-11 16:35:00+00:00,147,SELL,trailing_stop,100575.2965,100525.00885175,0.006,0.0,99576.07898191198,603.1500531105,0.30157502655525004,0.30172588949999773,,True,5.693579219028092,False
2024-12-11 20:00:00+00:00,148,BUY,Base,101094.2,101144.7471,0.003,0.003,101144.7471,303.4342413,0.15171712065,0.1516412999999884,,True,,False
2024-12-15 04:20:00+00:00,148,SELL,trailing_stop_same_bar,102385.5,102334.30725000001,0.003,0.0,101144.7471,307.00292175000004,0.15350146087500002,0.15357824999996228,,True,3.568680450000058,True
2024-12-15 08:00:00+00:00,149,BUY,Base,101671.8,101722.6359,0.003,0.003,101722.6359,305.1679077,0.15258395385,0.15250769999997282,,True,,False
2024-12-15 12:55:00+00:00,149,SELL,trailing_stop,102845.4885,102794.06575575001,0.003,0.0,101722.6359,308.38219726725004,0.154191098633625,0.15426823274999332,,True,3.2142895672500456,False
2024-12-15 16:00:00+00:00,150,BUY,Base,102668.5,102719.83425,0.003,0.003,102719.83425,308.15950275,0.154079751375,0.15400274999999966,,True,,False
2024-12-15 23:20:00+00:00,150,SELL,trailing_stop_same_bar,103979.1,103927.11045000001,0.003,0.0,102719.83425,311.78133135,0.155890665675,0.15596864999999524,,True,3.621828600000023,True
2024-12-16 00:00:00+00:00,151,BUY,Base,104460.5,104512.73025,0.003,0.003,104512.73025000001,313.53819075,0.156769095375,0.15669074999997976,,True,,False
2024-12-16 00:30:00+00:00,151,SELL,trailing_stop_same_bar,105248.4,105195.7758,0.003,0.0,104512.73025000001,315.5873274,0.1577936637,0.15787259999997333,,True,2.0491366499999857,True
2024-12-16 04:00:00+00:00,152,BUY,Base,104560.0,104612.28,0.003,0.003,104612.28,313.83684,0.15691842,0.1568399999999965,,True,,False
2024-12-16 15:15:00+00:00,152,SELL,trailing_stop_same_bar,105723.725,105670.86313750001,0.003,0.0,104612.28,317.01258941250006,0.15850629470625002,0.1585855874999834,,True,3.175749412500038,True
2024-12-16 16:00:00+00:00,153,BUY,Base,106281.1,106334.24055,0.003,0.003,106334.24055,319.00272165,0.15950136082500002,0.1594216499999893,,True,,False
2024-12-17 15:00:00+00:00,153,SELL,trailing_stop,107824.966,107771.05351700001,0.003,0.0,106334.24055,323.313160551,0.1616565802755,0.16173744899997838,,True,4.310438901000016,False
2024-12-17 16:00:00+00:00,154,BUY,Base,106429.9,106483.11494999999,0.003,0.003,106483.11494999999,319.44934485,0.159724672425,0.1596448499999824,,True,,False
2024-12-18 20:00:00+00:00,154,BUY,SO1,102223.79035199998,102274.90224717598,0.003,0.006,104379.00859858799,306.82470674152796,0.15341235337076398,0.1533356855279999,,True,,False
2024-12-19 18:20:00+00:00,154,BUY,SO2,96899.6346045,96948.08442180224,0.003,0.009000000000000001,101902.03387299273,290.84425326540673,0.14542212663270337,0.1453494519067317,,True,,False
2025-01-13 14:35:00+00:00,154,BUY,SO3,89445.81655799999,89490.53946627899,0.003,0.012,98799.16027131431,268.471618398837,0.1342358091994185,0.1341687248369999,,True,,False
2025-01-15 20:25:00+00:00,154,SELL,trailing_stop,100155.60549999999,100105.52769725,0.012,0.0,98799.16027131431,1201.2663323670001,0.6006331661835,0.6009336329998914,,True,15.676409111228306,False
2025-01-16 00:00:00+00:00,155,BUY,Base,100460.0,100510.23,0.003,0.003,100510.23,301.53069,0.150765345,0.15068999999998778,,True,,False
2025-01-17 02:35:00+00:00,155,SELL,trailing_stop,101623.0315,101572.21998425,0.003,0.0,100510.23,304.71665995275,0.152358329976375,0.15243454724999903,,True,3.185969952750005,False
2025-01-17 04:00:00+00:00,156,BUY,Base,101005.2,101055.70259999999,0.003,0.003,101055.70259999999,303.1671078,0.1515835539,0.15150779999997757,,True,,False
2025-01-17 13:35:00+00:00,156,SELL,trailing_stop,102428.484,102377.26975800001,0.003,0.0,101055.70259999999,307.13180927400003,0.153565904637,0.15364272599996184,,True,3.9647014740000595,False
2025-01-17 16:00:00+00:00,157,BUY,Base,103946.3,103998.27315,0.003,0.003,103998.27315,311.99481944999997,0.15599740972499998,0.15591944999997212,,True,,False
2025-01-17 19:30:00+00:00,157,SELL,trailing_stop,105214.086,105161.478957,0.003,0.0,103998.27315,315.484436871,0.15774221843550001,0.157821128999989,,True,3.4896174210000175,False
2025-01-17 20:00:00+00:00,158,BUY,Base,105771.0,105823.88549999999,0.003,0.003,105823.88549999999,317.4716565,0.15873582825,0.15865649999996823,,True,,False
2025-01-19 22:45:00+00:00,158,BUY,SO1,101590.93007999999,101641.72554503998,0.003,0.006,103732.80552252,304.92517663511995,0.15246258831756,0.15238639511997462,,True,,False
2025-01-20 06:45:00+00:00,158,SELL,trailing_stop_same_bar,104688.0,104635.656,0.006,0.0,103732.80552252,627.813936,0.313906968,0.31406399999998397,,True,5.417102864880056,True
2025-01-20 08:00:00+00:00,159,BUY,Base,107178.8,107232.3894,0.003,0.003,107232.3894,321.6971682,0.16084858410000002,0.16076819999999134,,True,,False
2025-01-20 09:05:00+00:00,159,SELL,trailing_stop_same_bar,108485.3,108431.05735,0.003,0.0,107232.3894,325.29317205,0.162646586025,0.16272795000000043,,True,3.596003850000008,True
2025-01-20 12:00:00+00:00,160,BUY,Base,108267.6,108321.7338,0.003,0.003,108321.7338,324.9652014,0.1624826007,0.16240139999998793,,True,,False
2025-01-20 16:10:00+00:00,160,BUY,SO1,103988.864448,104040.85888022398,0.003,0.006,106181.29634011199,312.122576640672,0.156061288320336,0.15598329667196958,,True,,False
2025-01-27 07:15:00+00:00,160,BUY,SO2,98572.77775800001,98622.06414687901,0.003,0.009000000000000001,103661.55227570099,295.86619244063706,0.14793309622031853,0.14785916663700482,,True,,False
2025-01-30 05:45:00+00:00,160,SELL,trailing_stop,105036.6775,104984.15916125,0.009000000000000001,0.0,103661.55227570099,944.8574324512501,0.4724287162256251,0.47266504875000104,,True,11.903461969941143,False
2025-01-30 08:00:00+00:00,161,BUY,Base,105085.2,105137.7426,0.003,0.003,105137.7426,315.4132278,0.15770661390000001,0.15762780000000204,,True,,False
2025-02-01 20:45:00+00:00,161,BUY,SO1,100932.232896,100982.69901244799,0.003,0.006,103060.220806224,302.948097037344,0.151474048518672,0.15139834934397367,,True,,False
2025-02-03 00:40:00+00:00,161,BUY,SO2,95675.345766,95723.18343888299,0.003,0.009000000000000001,100614.54168377699,287.16955031664895,0.1435847751583245,0.1435130186489696,,True,,False
2025-02-03 22:05:00+00:00,161,SELL,trailing_stop_same_bar,101783.8,101732.90810000002,0.009000000000000001,0.0,100614.54168377699,915.5961729000003,0.45779808645000014,0.4580270999998903,,True,10.065297746007245,True
2025-02-04 00:00:00+00:00,162,BUY,Base,101293.6,101344.2468,0.003,0.003,101344.2468,304.03274039999997,0.15201637019999997,0.15194039999996312,,True,,False
2025-02-04 21:25:00+00:00,162,BUY,SO1,97290.47692799999,97339.12216646399,0.003,0.006,99341.68448323199,292.017366499392,0.146008683249696,0.14593571539199912,,True,,False
2025-02-24 23:00:00+00:00,162,BUY,SO2,92223.26458799999,92269.37622029398,0.003,0.009000000000000001,96984.24839558598,276.80812866088195,0.13840406433044097,0.13833489688197734,,True,,False
2025-02-26 18:25:00+00:00,162,BUY,SO3,85129.16731199999,85171.73189565599,0.003,0.012,94031.11927060348,255.51519568696799,0.127757597843484,0.12769375096799923,,True,,False
2025-04-07 06:40:00+00:00,162,BUY,SO4,74994.742632,75032.240003316,0.004,0.016,89281.3994537816,300.12896001326396,0.15006448000663197,0.14998948526399908,,True,,False
2025-04-22 15:00:00+00:00,162,SELL,trailing_stop_same_bar,90744.1,90698.72795000001,0.016,0.0,89281.3994537816,1451.1796472000003,0.7255898236000001,0.7259527999998536,,True,22.677255939494586,True
2025-04-22 16:00:00+00:00,163,BUY,Base,90881.1,90926.54055,0.004,0.004,90926.54055,363.70616220000005,0.18185308110000004,0.1817621999999974,,True,,False
2025-04-22 21:45:00+00:00,163,SELL,trailing_stop_same_bar,91594.3,91548.50285,0.004,0.0,90926.54055,366.1940114,0.1830970057,0.18318859999999404,,True,2.4878491999999968,True
2025-04-23 00:00:00+00:00,164,BUY,Base,93404.9,93451.60244999999,0.004,0.004,93451.60244999999,373.8064098,0.1869032049,0.18680979999998817,,True,,False
2025-04-23 13:35:00+00:00,164,SELL,trailing_stop_same_bar,93950.0,93903.02500000001,0.004,0.0,93451.60244999999,375.61210000000005,0.18780605000000003,0.18789999999996507,,True,1.80569020000007,True
2025-04-23 16:00:00+00:00,165,BUY,Base,93140.3,93186.87015,0.004,0.004,93186.87015,372.7474806,0.1863737403,0.18628059999999824,,True,,False
2025-04-25 12:25:00+00:00,165,SELL,trailing_stop,94525.0,94477.7375,0.004,0.0,93186.87015,377.91095,0.188955475,0.18904999999998837,,True,5.163469400000002,False
2025-04-25 16:00:00+00:00,166,BUY,Base,94999.8,95047.2999,0.004,0.004,95047.2999,380.1891996,0.1900945998,0.189999599999981,,True,,False
2025-05-01 13:35:00+00:00,166,SELL,trailing_stop,96228.44,96180.32578000001,0.004,0.0,95047.2999,384.7213031200001,0.19236065156000004,0.19245687999995426,,True,4.532103520000063,False
2025-05-01 16:00:00+00:00,167,BUY,Base,96793.9,96842.29694999999,0.004,0.004,96842.29694999999,387.36918779999996,0.19368459389999998,0.19358779999997933,,True,,False
2025-05-08 01:00:00+00:00,167,SELL,trailing_stop_same_bar,97725.0,97676.13750000001,0.004,0.0,96842.29694999999,390.70455000000004,0.19535227500000002,0.19544999999995344,,True,3.3353622000000906,True
2025-05-08 04:00:00+00:00,168,BUY,Base,99098.0,99147.549,0.003,0.003,99147.549,297.442647,0.1487213235,0.1486469999999972,,True,,False
2025-05-08 15:20:00+00:00,168,SELL,trailing_stop_same_bar,99730.2,99680.3349,0.003,0.0,99147.549,299.04100470000003,0.14952050235000003,0.1495952999999863,,True,1.5983577000000078,True
2025-05-08 16:00:00+00:00,169,BUY,Base,100730.9,100781.26544999999,0.003,0.003,100781.26544999999,302.34379635,0.15117189817499999,0.15109634999999252,,True,,False
2025-05-08 21:00:00+00:00,169,SELL,trailing_stop,102331.2725,102280.10686375001,0.003,0.0,100781.26544999999,306.84032059125,0.15342016029562502,0.1534969087499776,,True,4.496524241250067,False
2025-05-09 00:00:00+00:00,170,BUY,Base,103228.0,103279.614,0.003,0.003,103279.614,309.838842,0.154919421,0.1548420000000042,,True,,False
2025-05-10 23:15:00+00:00,170,SELL,trailing_stop_same_bar,103961.3,103909.31935,0.003,0.0,103279.614,311.72795805000004,0.15586397902500002,0.15594194999999308,,True,1.8891160500000115,True
2025-05-11 00:00:00+00:00,171,BUY,Base,104788.8,104841.1944,0.003,0.003,104841.19439999998,314.52358319999996,0.15726179159999998,0.15718319999997038,,True,,False
2025-05-18 23:50:00+00:00,171,SELL,trailing_stop_same_bar,105859.3,105806.37035000001,0.003,0.0,104841.19439999998,317.41911105,0.15870955552500002,0.15878894999997284,,True,2.8955278500001005,True
2025-05-19 00:00:00+00:00,172,BUY,Base,106407.5,106460.70375,0.003,0.003,106460.70375000002,319.38211125000004,0.15969105562500002,0.15961125000000176,,True,,False
2025-05-19 06:35:00+00:00,172,BUY,SO1,102202.2756,102253.37673779999,0.003,0.006,104357.0402439,306.7601302134,0.1533800651067,0.15330341339998996,,True,,False
2025-05-20 00:20:00+00:00,172,SELL,trailing_stop,105938.94350000001,105885.97402825001,0.006,0.0,104357.0402439,635.3158441695001,0.3176579220847501,0.31781683049997084,,True,9.173602706100064,False
2025-05-20 04:00:00+00:00,173,BUY,Base,105720.0,105772.86,0.003,0.003,105772.86,317.31858,0.15865929,0.15858000000000175,,True,,False
2025-05-21 04:35:00+00:00,173,SELL,trailing_stop_same_bar,106888.7,106835.25565,0.003,0.0,105772.86,320.50576695,0.160252883475,0.160333049999972,,True,3.1871869500000174,True
2025-05-21 08:00:00+00:00,174,BUY,Base,106463.7,106516.93185,0.003,0.003,106516.93185,319.55079555,0.159775397775,0.15969554999998944,,True,,False
2025-05-21 14:55:00+00:00,174,SELL,trailing_stop_same_bar,108351.0,108296.8245,0.003,0.0,106516.93185,324.89047350000004,0.16244523675000003,0.16252649999999266,,True,5.339677950000027,True
2025-05-21 16:00:00+00:00,175,BUY,Base,108936.6,108991.0683,0.003,0.003,108991.0683,326.9732049,0.16348660245,0.16340489999997954,,True,,False
2025-05-21 23:25:00+00:00,175,SELL,trailing_stop_same_bar,109910.0,109855.04500000001,0.003,0.0,108991.0683,329.56513500000005,0.16478256750000003,0.1648649999999616,,True,2.5919301000000416,True
2025-05-22 00:00:00+00:00,176,BUY,Base,109609.6,109664.4048,0.003,0.003,109664.4048,328.9932144,0.1644966072,0.16441439999999422,,True,,False
2025-05-22 03:40:00+00:00,176,SELL,trailing_stop_same_bar,110748.4,110693.0258,0.003,0.0,109664.4048,332.0790774,0.16603953870000002,0.1661225999999733,,True,3.0858629999999976,True
2025-05-22 04:00:00+00:00,177,BUY,Base,111755.9,111811.77794999999,0.003,0.003,111811.77794999997,335.43533384999995,0.16771766692499998,0.1676338499999838,,True,,False
2025-05-23 12:15:00+00:00,177,BUY,SO1,107339.30683199999,107392.97648541599,0.003,0.006,109602.377217708,322.17892945624794,0.16108946472812397,0.16100896024800024,,True,,False
2025-06-05 19:15:00+00:00,177,BUY,SO2,101748.71793449999,101799.59229346723,0.003,0.009000000000000001,107001.44890962772,305.39877688040167,0.15269938844020084,0.15262307690171292,,True,,False
2025-06-09 21:25:00+00:00,177,SELL,trailing_stop_same_bar,109444.0,109389.278,0.009000000000000001,0.0,107001.44890962772,984.5035020000001,0.49225175100000007,0.4924979999999487,,True,21.49046181335053,True
2025-06-10 00:00:00+00:00,178,BUY,Base,110228.0,110283.11399999999,0.003,0.003,110283.11399999999,330.849342,0.165424671,0.16534199999996055,,True,,False
2025-06-12 20:40:00+00:00,178,BUY,SO1,105871.78943999998,105924.72533471997,0.003,0.006,108103.91966735998,317.7741760041599,0.15888708800207996,0.1588076841599832,,True,,False
2025-06-22 13:40:00+00:00,178,BUY,SO2,100357.63373999999,100407.81255686999,0.003,0.009000000000000001,105538.55063052998,301.22343767061,0.150611718835305,0.15053645061000134,,True,,False
2025-06-25 14:15:00+00:00,178,SELL,trailing_stop,107555.2215,107501.44388925,0.009000000000000001,0.0,105538.55063052998,967.5129950032501,0.4837564975016251,0.48399849674996226,,True,17.666039328480228,False
2025-06-25 16:00:00+00:00,179,BUY,Base,106982.7,107036.19135,0.003,0.003,107036.19135000001,321.10857405,0.16055428702500002,0.1604740499999898,,True,,False
2025-06-30 05:30:00+00:00,179,SELL,trailing_stop,108239.98049999999,108185.86050975,0.003,0.0,107036.19135000001,324.55758152925,0.162278790764625,0.1623599707499816,,True,3.4490074792499654,False
2025-06-30 08:00:00+00:00,180,BUY,Base,107562.6,107616.3813,0.003,0.003,107616.3813,322.8491439,0.16142457195,0.16134389999996349,,True,,False
2025-07-02 16:05:00+00:00,180,SELL,trailing_stop_same_bar,108859.9,108805.47005,0.003,0.0,107616.3813,326.41641015,0.163208205075,0.16328984999997193,,True,3.5672662500000296,True
2025-07-02 20:00:00+00:00,181,BUY,Base,109621.8,109676.6109,0.003,0.003,109676.6109,329.0298327,0.16451491634999998,0.1644326999999903,,True,,False
2025-07-09 20:05:00+00:00,181,SELL,trailing_stop,111476.61600000001,111420.87769200001,0.003,0.0,109676.6109,334.26263307600004,0.16713131653800004,0.16721492399999988,,True,5.232800376000029,False
2025-07-10 00:00:00+00:00,182,BUY,Base,111199.8,111255.3999,0.003,0.003,111255.3999,333.7661997,0.16688309985000002,0.16679970000000321,,True,,False
2025-07-10 17:05:00+00:00,182,SELL,trailing_stop_same_bar,112653.7,112597.37315,0.003,0.0,111255.3999,337.79211945000003,0.16889605972500002,0.16898054999999296,,True,4.025919749999987,True
2025-07-10 20:00:00+00:00,183,BUY,Base,113246.1,113302.72305,0.003,0.003,113302.72305,339.90816915,0.169954084575,0.16986914999998406,,True,,False
2025-07-10 21:15:00+00:00,183,SELL,trailing_stop_same_bar,113622.7,113565.88865000001,0.003,0.0,113302.72305,340.69766595000004,0.17034883297500003,0.1704340499999671,,True,0.7894968000000226,True
2025-07-11 00:00:00+00:00,184,BUY,Base,115979.2,116037.1896,0.003,0.003,116037.1896,348.1115688,0.1740557844,0.17396880000000237,,True,,False
2025-07-11 05:45:00+00:00,184,SELL,trailing_stop_same_bar,117803.9205,117745.01853975,0.003,0.0,116037.1896,353.23505561925003,0.17661752780962503,0.17670588074997068,,True,5.123486819250014,True
2025-07-11 08:00:00+00:00,185,BUY,Base,117522.7,117581.46135,0.003,0.003,117581.46135,352.74438405,0.176372192025,0.17628405000000202,,True,,False
2025-07-13 14:15:00+00:00,185,SELL,trailing_stop_same_bar,118575.1,118515.81245000001,0.003,0.0,117581.46135,355.54743735000005,0.17777371867500003,0.17786264999998094,,True,2.8030533000000433,True
2025-07-13 16:00:00+00:00,186,BUY,Base,118610.6,118669.9053,0.003,0.003,118669.9053,356.0097159,0.17800485795,0.17791589999997814,,True,,False
2025-07-14 03:40:00+00:00,186,SELL,trailing_stop_same_bar,119957.3,119897.32135000001,0.003,0.0,118669.9053,359.69196405,0.17984598202500002,0.17993594999997004,,True,3.682248150000043,True
2025-07-14 04:00:00+00:00,187,BUY,Base,120733.2,120793.56659999999,0.003,0.003,120793.56659999999,362.3806998,0.1811903499,0.18109979999998177,,True,,False
2025-07-14 05:20:00+00:00,187,SELL,trailing_stop_same_bar,121408.4,121347.6958,0.003,0.0,120793.56659999999,364.0430874,0.1820215437,0.18211259999997856,,True,1.662387600000031,True
2025-07-14 08:00:00+00:00,188,BUY,Base,122731.0,122792.3655,0.003,0.003,122792.3655,368.3770965,0.18418854825,0.18409649999999966,,True,,False
2025-07-15 02:25:00+00:00,188,BUY,SO1,117880.67087999999,117939.61121543999,0.002,0.005,120851.26378617599,235.87922243088,0.11793961121544,0.11788067087999661,,True,,False
2025-08-13 21:45:00+00:00,188,SELL,trailing_stop,122446.59049999999,122385.36720475,0.005,0.0,120851.26378617599,611.9268360237501,0.30596341801187504,0.30611647624995386,,True,7.670517092870068,False
2025-08-14 00:00:00+00:00,189,BUY,Base,123323.9,123385.56194999999,0.003,0.003,123385.56194999999,370.15668585,0.185078342925,0.18498584999998274,,True,,False
2025-08-14 12:30:00+00:00,189,BUY,SO1,118450.13947199998,118509.36454173598,0.002,0.005,121435.0829866944,237.01872908347195,0.11850936454173598,0.11845013947199914,,True,,False
2025-08-21 16:55:00+00:00,189,BUY,SO2,112280.86137449999,112337.00180518723,0.003,0.008,118023.30254362921,337.0110054155617,0.16850550270778086,0.16842129206172832,,True,,False
2025-10-02 16:40:00+00:00,189,SELL,trailing_stop,119689.545,119629.7002275,0.008,0.0,118023.30254362921,957.03760182,0.47851880091,0.47875818000000436,,True,12.851181470966315,False
2025-10-02 20:00:00+00:00,190,BUY,Base,120787.8,120848.1939,0.003,0.003,120848.19389999998,362.5445817,0.18127229085,0.18118169999998646,,True,,False
2025-10-03 16:00:00+00:00,190,SELL,trailing_stop_same_bar,122238.5,122177.38075000001,0.003,0.0,120848.19389999998,366.53214225000005,0.18326607112500004,0.18335774999996649,,True,3.987560550000082,True
2025-10-03 20:00:00+00:00,191,BUY,Base,122609.3,122670.60465,0.003,0.003,122670.60465,368.01181395,0.184005906975,0.18391394999997282,,True,,False
2025-10-05 04:45:00+00:00,191,SELL,trailing_stop_same_bar,124269.4,124207.2653,0.003,0.0,122670.60465,372.6217959,0.18631089795,0.1864040999999852,,True,4.609981950000016,True
2025-10-05 08:00:00+00:00,192,BUY,Base,124692.5,124754.84624999999,0.003,0.003,124754.84624999999,374.26453875,0.187132269375,0.18703874999996334,,True,,False
2025-10-09 16:55:00+00:00,192,BUY,SO1,119764.65239999998,119824.53472619997,0.002,0.005,122782.72164047998,239.64906945239994,0.11982453472619997,0.11976465239998652,,True,,False
2025-10-10 20:55:00+00:00,192,BUY,SO2,113526.91008749999,113583.67354254374,0.003,0.008,119333.0786037539,340.7510206276312,0.1703755103138156,0.17029036513125176,,True,,False
2025-10-10 21:15:00+00:00,192,BUY,SO3,104794.07084999999,104846.46788542498,0.003,0.011,115382.18477148237,314.53940365627494,0.1572697018281375,0.1571911062749714,,True,,False
2025-11-17 19:05:00+00:00,192,BUY,SO4,92318.58622499999,92364.74551811248,0.003,0.013999999999999999,110449.87636004596,277.09423655433744,0.13854711827716873,0.1384778793374717,,True,,False
2026-02-02 03:30:00+00:00,192,BUY,SO5,74852.90774999998,74890.33420387498,0.004,0.018,102547.75588089686,299.56133681549994,0.14978066840774998,0.1497058154999977,,True,,False
