cycle_id,start_time,end_time,start_price,start_equity,end_equity,net_pnl,net_return,exit_reason,max_safety_depth,max_notional,fees,slippage_cost,funding_cost,gross_realized_pnl,ambiguous_bars
1,2022-04-01 00:00:00+00:00,2022-04-01 15:00:00+00:00,45528.652949999996,2000.0,2002.9951852862,2.9951852862000123,0.0014975926431000097,trailing_stop_same_bar,0,278.04,0.2748069138,0.2748077999999514,0.0,3.2699922000000226,1
2,2022-04-01 16:00:00+00:00,2022-04-03 22:20:00+00:00,46546.8618,2002.9951852862,2005.9278085598,2.9326232736000293,0.0014641189829824874,trailing_stop_same_bar,0,284.688,0.2808879264,0.2808888000000006,0.0,3.213511200000008,1
3,2022-04-04 00:00:00+00:00,2022-04-05 12:20:00+00:00,46415.49615,2005.9278085598,2007.9461240042,2.0183154444000593,0.0010061755142869444,trailing_stop_same_bar,0,282.7482,0.2796419556,0.2796425999999628,0.0,2.297957400000072,1
4,2022-04-05 16:00:00+00:00,2023-11-09 14:10:00+00:00,45763.37025,2007.9461240042,2001.8180168086997,-6.128107195500434,-0.0030519280981901042,trailing_stop_same_bar,5,1501.4961,1.4571929644655175,1.457192161034731,0.0,-4.670914231034833,1
5,2023-11-09 16:00:00+00:00,2023-11-10 11:20:00+00:00,37160.07075,2001.8180168086997,2006.5182252656853,4.700208456985592,0.0023479699041168978,trailing_stop,1,555.4245,0.549746076544485,0.5497475264699241,0.0,5.249954533529999,0
6,2023-11-10 12:00:00+00:00,2023-11-15 18:10:00+00:00,37117.44945,2006.5182252656853,2007.3498984828911,0.8316732172058892,0.00041448575284963596,trailing_stop_same_bar,1,564.1004999999999,0.547182998642076,0.5471834801519653,0.0,1.378856215848027,1
7,2023-11-15 20:00:00+00:00,2023-11-19 23:05:00+00:00,37546.1637,2007.3498984828911,2012.5757089581286,5.225810475237495,0.002603338102234787,trailing_stop_same_bar,1,561.675,0.5556964382307661,0.5556980225319057,0.0,5.781506913468074,1
8,2023-11-20 00:00:00+00:00,2023-11-22 18:45:00+00:00,37394.4879,2012.5757089581286,2017.2699938241105,4.694284865981899,0.002332476162306474,trailing_stop,1,558.8924999999999,0.5531962479242971,0.5531976980938562,0.0,5.247481113906069,0
9,2023-11-22 20:00:00+00:00,2023-11-22 21:35:00+00:00,37315.54845,2017.2699938241105,2019.8196946115104,2.5497007873998427,0.0012639363075868104,trailing_stop,0,303.04,0.2999492126,0.29995000000001165,0.0,2.849649999999965,0
10,2023-11-23 00:00:00+00:00,2023-11-24 10:30:00+00:00,37432.20675,2019.8196946115104,2021.7169808361105,1.897286224600066,0.000939334451318441,trailing_stop_same_bar,0,304.392,0.3005565754,0.3005571999999811,0.0,2.1978428000000423,1
11,2023-11-24 12:00:00+00:00,2023-11-24 15:35:00+00:00,37768.6749,2021.7169808361105,2024.7109833365105,2.994002500400029,0.001480920687109144,trailing_stop_same_bar,0,307.2,0.30379829960000004,0.30379919999995036,0.0,3.2978008000000263,1
12,2023-11-24 16:00:00+00:00,2023-11-28 17:20:00+00:00,38236.40865,2024.7109833365105,2031.079854298691,6.368870962180608,0.003145570412071974,trailing_stop_same_bar,1,534.9904,0.528180526755532,0.5281823830639041,0.0,6.897051488936137,1
13,2023-11-28 20:00:00+00:00,2023-12-01 09:15:00+00:00,38123.752349999995,2031.079854298691,2032.7792539574662,1.6993996587750644,0.0008366976094900114,trailing_stop_same_bar,0,271.25,0.267849891225,0.26785044999998353,0.0,1.9672495500000369,1
14,2023-12-01 12:00:00+00:00,2023-12-02 19:05:00+00:00,38597.289,2032.7792539574662,2034.590908445991,1.8116544885249368,0.0008912204731517104,trailing_stop_same_bar,0,277.90000000000003,0.271222461475,0.2712230499999423,0.0,2.0828769500000783,1
15,2023-12-02 20:00:00+00:00,2023-12-03 22:20:00+00:00,39436.1082,2034.590908445991,2036.812503340041,2.2215948940499857,0.0010919123273518405,trailing_stop_same_bar,0,280.343,0.27730220595,0.27730289999998786,0.0,2.498897100000002,1
16,2023-12-04 00:00:00+00:00,2023-12-04 01:20:00+00:00,39999.7899,2036.812503340041,2038.8401967875411,2.0276934475000417,0.0009955228790941018,trailing_stop_same_bar,0,285.6,0.28115295250000005,0.28115359999999057,0.0,2.3088464000000095,1
17,2023-12-04 04:00:00+00:00,2023-12-04 05:10:00+00:00,40740.9603,2038.8401967875411,2041.580595415991,2.7403986284498387,0.001344096821696894,trailing_stop_same_bar,0,289.89660000000003,0.28670027155,0.286701099999962,0.0,3.0270989000000483,1
18,2023-12-04 08:00:00+00:00,2023-12-04 10:50:00+00:00,41492.635949999996,2041.580595415991,2044.1637976327347,2.583202216743757,0.001265295243569664,trailing_stop_same_bar,0,294.945,0.29188599575625,0.2918867874999632,0.0,2.8750882125000063,1
19,2023-12-04 12:00:00+00:00,2023-12-04 22:10:00+00:00,41626.70295,2044.1637976327347,2047.1456480247098,2.9818503919750583,0.0014587140205830629,trailing_stop_same_bar,0,296.7258,0.29302435802500004,0.29302524999994783,0.0,3.274874750000032,1
20,2023-12-05 00:00:00+00:00,2023-12-05 16:40:00+00:00,42014.096549999995,2047.1456480247098,2049.4171830402847,2.2715350155749547,0.0011096108465789012,trailing_stop_same_bar,0,300.174,0.29538213442499994,0.29538284999998,0.0,2.5669171500000303,1
21,2023-12-05 20:00:00+00:00,2023-12-05 22:25:00+00:00,43855.916999999994,2049.4171830402847,2052.100424148839,2.6832411085542844,0.00130927032853978,trailing_stop_same_bar,0,311.6967,0.30848728319587493,0.308488108249956,0.0,2.9917283917500246,1
22,2023-12-06 00:00:00+00:00,2023-12-08 21:40:00+00:00,44103.740849999995,2052.100424148839,2054.410823238394,2.310399089555176,0.0011258703825440808,trailing_stop,0,268.67580000000004,0.26591059994474997,0.2659113104999706,0.0,2.5763096895000492,0
23,2023-12-09 00:00:00+00:00,2023-12-13 21:50:00+00:00,44231.7048,2054.410823238394,2061.2650371509562,6.854213912562045,0.003336340441274288,trailing_stop_same_bar,2,777.7800000000001,0.765728067509964,0.7657301639279321,0.0,7.619941980072079,1
24,2023-12-14 00:00:00+00:00,2023-12-14 14:35:00+00:00,42896.4375,2061.2650371509562,2066.462602486526,5.197565335569834,0.002521541500919211,trailing_stop,1,556.2882000000001,0.55035604493025,0.5503576195000133,0.0,5.74792138050012,0
25,2023-12-14 16:00:00+00:00,2023-12-14 17:30:00+00:00,42475.32704999999,2066.462602486526,2068.830480627826,2.367878141300025,0.0011458606308436536,trailing_stop_same_bar,0,303.1,0.29866055869999997,0.29866129999994884,0.0,2.666538700000041,1
26,2023-12-14 20:00:00+00:00,2023-12-19 01:45:00+00:00,43126.5525,2068.830480627826,2074.855319868491,6.024839240664733,0.002912195705293552,trailing_stop_same_bar,1,560.3000000000001,0.5537082881356001,0.5537100711998865,0.0,6.578547528800119,1
27,2023-12-19 04:00:00+00:00,2023-12-20 14:05:00+00:00,43121.65005,2074.855319868491,2078.762929072372,3.907609203881293,0.0018833164734246566,trailing_stop,0,307.755,0.30395733361875005,0.30395846249994796,0.0,4.211566537500083,0
28,2023-12-20 16:00:00+00:00,2024-01-01 23:25:00+00:00,44100.93945,2078.762929072372,2085.4377645810873,6.674835508715205,0.0032109652406075995,trailing_stop_same_bar,1,573.3000000000001,0.566475653668808,0.5664776056159317,0.0,7.241311162384125,1
29,2024-01-02 00:00:00+00:00,2024-01-02 00:15:00+00:00,44252.41515,2085.4377645810873,2088.064027458271,2.6262628771837626,0.0012593340936795094,trailing_stop_same_bar,0,314.433,0.31123565531624997,0.3112364674999917,0.0,2.93749853249998,1
30,2024-01-02 04:00:00+00:00,2024-01-04 15:25:00+00:00,45457.61745,2088.064027458271,2092.2275388351154,4.163511376844326,0.0019939577149425958,trailing_stop_same_bar,2,795.8700000000001,0.7855097002614473,0.7855111338943535,0.0,4.949021077105703,1
31,2024-01-04 16:00:00+00:00,2024-01-04 20:35:00+00:00,44072.4252,2092.2275388351154,2092.0982454570903,-0.1292933780250678,-6.179699656239102e-05,trailing_stop_same_bar,0,313.8856,0.308596628025,0.3085967499999751,0.0,0.1793032500000045,1
32,2024-01-05 00:00:00+00:00,2024-01-05 09:00:00+00:00,44165.8719,2092.0982454570903,2098.412772353141,6.3145268960506655,0.003018274552718747,trailing_stop_same_bar,1,575.1460000000001,0.567124548877536,0.5671264110719203,0.0,6.881651444928161,1
33,2024-01-05 12:00:00+00:00,2024-01-05 20:50:00+00:00,43791.78495,2098.412772353141,2097.981811798641,-0.4309605544999613,-0.00020537453840252518,trailing_stop_same_bar,0,311.5,0.30648025450000005,0.3064802999999884,0.0,-0.12448029999998834,1
34,2024-01-06 00:00:00+00:00,2024-01-08 12:00:00+00:00,44167.37265,2097.981811798641,2100.803635159466,2.8218233608249648,0.0013450180287339908,trailing_stop_same_bar,0,315.23310000000004,0.310737889175,0.31073874999995316,0.0,3.132561250000006,1
35,2024-01-08 16:00:00+00:00,2024-01-08 17:55:00+00:00,44992.18485,2100.803635159466,2103.4737107317046,2.670075572238602,0.001270978175947457,trailing_stop_same_bar,0,319.6893,0.31643855101162505,0.3164393767499787,0.0,2.9865141232500756,1
36,2024-01-08 20:00:00+00:00,2024-01-09 21:10:00+00:00,47030.60354999999,2103.4737107317046,2101.2007357040548,-2.2729750276498635,-0.001080581618897014,trailing_stop_same_bar,0,288.08880000000005,0.28118772765,0.28118729999994685,0.0,-1.9917872999999382,1
37,2024-01-10 00:00:00+00:00,2024-01-10 22:50:00+00:00,46136.95695,2101.2007357040548,2103.206807544555,2.0060718405002262,0.0009547264125757682,trailing_stop_same_bar,0,281.6706,0.2779637595000001,0.277964399999968,0.0,2.284035600000032,1
38,2024-01-11 00:00:00+00:00,2024-01-11 13:10:00+00:00,46686.3315,2103.206807544555,2106.054177661239,2.847370116684033,0.0013538231744354423,trailing_stop,0,284.81280000000004,0.281682515316,0.2816833679999836,0.0,3.12905263200005,0
39,2024-01-11 16:00:00+00:00,2024-02-07 20:15:00+00:00,46836.8067,2106.054177661239,2113.231537760178,7.177360098939062,0.003407965557139514,trailing_stop_same_bar,3,1061.1768,1.0470803205902355,1.0470826384708634,0.0,8.22444041952904,1
40,2024-02-08 00:00:00+00:00,2024-02-08 14:00:00+00:00,44348.46315,2113.231537760178,2117.0192669543553,3.7877291941772455,0.0017923872166851762,trailing_stop_same_bar,0,316.27819999999997,0.31248935132275,0.3124904544999954,0.0,4.1002185454999704,1
41,2024-02-08 16:00:00+00:00,2024-02-09 02:45:00+00:00,45429.1032,2117.0192669543553,2119.6991629613553,2.679896007000025,0.00126588172759301,trailing_stop_same_bar,0,277.56,0.27405159300000004,0.27405239999995684,0.0,2.9539476000000433,1
42,2024-02-09 04:00:00+00:00,2024-02-09 11:45:00+00:00,46069.52325,2119.6991629613553,2124.2286191331305,4.529456171775109,0.002136839156669401,trailing_stop_same_bar,0,282.78000000000003,0.278821278225,0.2788225499999535,0.0,4.808277449999994,1
43,2024-02-09 12:00:00+00:00,2024-02-09 18:00:00+00:00,47179.47795,2124.2286191331305,2126.4685404352804,2.2399213021499236,0.0010544633858966534,trailing_stop_same_bar,0,287.3964,0.28433899785000005,0.28433969999998226,0.0,2.5242602999999653,1
44,2024-02-09 20:00:00+00:00,2024-02-11 03:35:00+00:00,47510.04315,2126.4685404352804,2130.053147274931,3.584606839650405,0.0016857088508428486,trailing_stop_same_bar,0,290.874,0.28699606035,0.2869970999999496,0.0,3.871602900000042,1
45,2024-02-11 04:00:00+00:00,2024-02-12 15:30:00+00:00,48541.858799999995,2130.053147274931,2132.571633050881,2.518485775950012,0.0011823581863072974,trailing_stop_same_bar,0,297.0,0.29265672405,0.29265749999997204,0.0,2.8111425000000017,1
46,2024-02-12 16:00:00+00:00,2024-02-14 08:55:00+00:00,49950.46275,2132.571633050881,2133.8414567185805,1.2698236676997112,0.0005954424451772855,trailing_stop_same_bar,0,305.28000000000003,0.30048793230000004,0.3004883999999729,0.0,1.570311600000001,1
47,2024-02-14 12:00:00+00:00,2024-02-15 00:20:00+00:00,51626.90055,2133.8414567185805,2135.4274366704303,1.585979951849822,0.0007432510727805042,trailing_stop_same_bar,0,314.8902,0.31070974815,0.31071029999999156,0.0,1.8966897000000171,1
48,2024-02-15 04:00:00+00:00,2024-02-26 16:05:00+00:00,52406.08995,2135.4274366704303,2138.00446987263,2.5770332021998,0.0012067997057385593,trailing_stop_same_bar,0,321.3354,0.31588299780000006,0.3158837999999814,0.0,2.8929161999999926,1
49,2024-02-26 20:00:00+00:00,2024-02-27 01:40:00+00:00,54558.465599999996,2138.00446987263,2138.96764825013,0.9631783774998439,0.00045050344425012767,trailing_stop_same_bar,0,277.0,0.27341062250000003,0.2734109999999782,0.0,1.2365890000000217,1
50,2024-02-27 04:00:00+00:00,2024-02-27 10:00:00+00:00,55800.986549999994,2138.96764825013,2142.120703678755,3.1530554286250663,0.0014741015046229045,trailing_stop,0,284.0,0.280721821375,0.2807227499999499,0.0,3.4337772500000576,0
51,2024-02-27 12:00:00+00:00,2024-02-27 12:40:00+00:00,56609.6907,2142.120703678755,2144.454987404505,2.3342837257500832,0.0010897069066841958,trailing_stop_same_bar,0,287.47150000000005,0.28435777425000003,0.2843584999999803,0.0,2.6186415000000127,1
52,2024-02-27 16:00:00+00:00,2024-02-27 19:50:00+00:00,56803.48755,2144.454987404505,2146.7233981142554,2.268410709750242,0.0010578029024035374,trailing_stop_same_bar,0,288.3975,0.28529429025,0.28529499999996916,0.0,2.5537050000000456,1
53,2024-02-27 20:00:00+00:00,2024-02-28 07:50:00+00:00,57419.39534999999,2146.7233981142554,2148.9132253058806,2.189827191625227,0.0010200788762766422,trailing_stop_same_bar,0,292.36400000000003,0.288336058375,0.288336749999944,0.0,2.4781632500000708,1
54,2024-02-28 08:00:00+00:00,2024-02-28 08:50:00+00:00,58329.04995,2148.9132253058806,2151.8951586980056,2.981933392125029,0.0013876471869638252,trailing_stop_same_bar,0,296.8695,0.293282857875,0.2932837499999732,0.0,3.275216250000012,1
55,2024-02-28 12:00:00+00:00,2024-02-28 13:05:00+00:00,59026.8987,2151.8951586980056,2153.5584297618807,1.6632710638750723,0.0007729331315942112,trailing_stop_same_bar,0,300.425,0.296114186125,0.29611474999997883,0.0,1.9593852499999775,1
56,2024-02-28 16:00:00+00:00,2024-02-28 16:50:00+00:00,61030.5,2153.5584297618807,2157.0358392847556,3.47740952287495,0.001614727269442895,trailing_stop_same_bar,0,311.075,0.3070447271250001,0.3070457499999975,0.0,3.784454249999981,1
57,2024-02-28 20:00:00+00:00,2024-02-28 23:10:00+00:00,61063.316399999996,2157.0358392847556,2160.5600886044344,3.524249319678802,0.0016338390190342444,trailing_stop_same_bar,0,310.857,0.30723232282125,0.30723335749993563,0.0,3.831481642500039,1
58,2024-02-29 00:00:00+00:00,2024-02-29 06:15:00+00:00,62519.14395,2160.5600886044344,2163.2958938979464,2.7358052935119304,0.0012662481862650843,trailing_stop_same_bar,0,317.3905,0.314120682738125,0.31412152374996366,0.0,3.049925976250015,1
59,2024-02-29 08:00:00+00:00,2024-03-04 00:25:00+00:00,62792.9808,2163.2958938979464,2166.3475958186964,3.05170192075002,0.0014106724509383994,trailing_stop_same_bar,0,319.515,0.31564857925,0.31564949999996317,0.0,3.3673505000000294,1
60,2024-03-04 04:00:00+00:00,2024-03-04 08:05:00+00:00,63555.761999999995,2166.3475958186964,2169.139925676446,2.7923298577497917,0.001288957442997285,trailing_stop_same_bar,0,324.556,0.31933464224999997,0.3193354999999428,0.0,3.1116645000000425,1
61,2024-03-04 12:00:00+00:00,2024-03-04 14:40:00+00:00,65346.55695,2169.139925676446,2171.268361539846,2.1284358633997726,0.0009812349301236978,trailing_stop_same_bar,0,265.51959999999997,0.2625817366,0.2625823999999848,0.0,2.3910176000000503,1
62,2024-03-04 16:00:00+00:00,2024-03-04 17:35:00+00:00,66538.65269999999,2171.268361539846,2173.9529273168027,2.684565776956788,0.0012364044097492588,trailing_stop_same_bar,0,270.5944,0.267630709043,0.26763151399994967,0.0,2.952196486000088,1
63,2024-03-04 20:00:00+00:00,2024-03-04 23:15:00+00:00,67516.94159999999,2173.9529273168027,2176.505167290603,2.5522399738001695,0.001174008848917607,trailing_stop,0,274.40000000000003,0.2714796262,0.27148039999994217,0.0,2.8237196000000697,0
64,2024-03-05 00:00:00+00:00,2024-03-05 13:25:00+00:00,68330.64825,2176.505167290603,2182.2618137099807,5.75664641937783,0.002644903630779849,trailing_stop,1,545.136,0.53899129598232,0.5389930046399822,0.0,6.295637715359917,0
65,2024-03-05 16:00:00+00:00,2024-03-06 05:05:00+00:00,66873.2199,2182.2618137099807,2186.806502694608,4.544688984627101,0.002082559001892026,trailing_stop_same_bar,2,779.8776,0.7706123209472131,0.7706138424259261,0.0,5.315301305574045,1
66,2024-03-06 08:00:00+00:00,2024-03-07 14:35:00+00:00,66792.67965,2186.806502694608,2189.731766360308,2.925263665700186,0.0013376874735353539,trailing_stop_same_bar,0,271.912,0.2687677343,0.26876860000001035,0.0,3.194031399999978,1
67,2024-03-07 16:00:00+00:00,2024-03-08 14:30:00+00:00,67350.85859999999,2189.731766360308,2191.832587420808,2.1008210605000386,0.0009593965310152885,trailing_stop_same_bar,0,273.596,0.27058913949999996,0.2705897999999579,0.0,2.3714102000000423,1
68,2024-03-08 16:00:00+00:00,2024-03-08 17:45:00+00:00,67719.6429,2191.832587420808,2194.022767304408,2.1901798835997397,0.0009992459716903213,trailing_stop_same_bar,0,275.0928,0.27210971640000003,0.272110400000005,0.0,2.46228959999996,1
69,2024-03-08 20:00:00+00:00,2024-03-10 09:55:00+00:00,68956.36094999999,2194.022767304408,2196.3482770603487,2.325509755940857,0.0010599296372835187,trailing_stop,0,279.9672,0.277126762059,0.2771274819999817,0.0,2.6026365180000433,0
70,2024-03-10 12:00:00+00:00,2024-03-11 07:10:00+00:00,69674.4198,2196.3482770603487,2197.1310193956483,0.7827423352996448,0.0003563835223561185,trailing_stop_same_bar,0,283.44,0.27922866469999996,0.27922899999999207,0.0,1.0619709999999614,1
71,2024-03-11 08:00:00+00:00,2024-03-11 11:50:00+00:00,71259.51194999999,2197.1310193956483,2199.6008602823167,2.4698408866684076,0.0011241208944143821,trailing_stop,0,289.3852,0.2864161763315,0.2864169369999435,0.0,2.7562570630001137,0
72,2024-03-11 12:00:00+00:00,2024-03-11 15:35:00+00:00,71594.3793,2199.6008602823167,2202.425142182354,2.8242819000374766,0.0012839974520082453,trailing_stop_same_bar,0,291.09000000000003,0.28793362496249997,0.28793447499995817,0.0,3.112215525000007,1
73,2024-03-11 16:00:00+00:00,2024-03-12 14:05:00+00:00,72097.33065,2202.425142182354,2204.139159555554,1.7140173732000221,0.000778240921960105,trailing_stop_same_bar,0,293.48,0.2893910268,0.28939159999997355,0.0,2.0034084000000147,1
74,2024-03-12 16:00:00+00:00,2024-03-12 18:50:00+00:00,71815.08959999999,2204.139159555554,2209.793177124134,5.654017568580002,0.002565181759993873,trailing_stop_same_bar,1,572.5360000000001,0.566278335388016,0.5662800320318784,0.0,6.220295903968043,1
75,2024-03-12 20:00:00+00:00,2024-03-13 07:25:00+00:00,71438.7015,2209.793177124134,2215.384352100276,5.591174976141701,0.00253018021506346,trailing_stop,0,293.2468,0.2886947408585,0.2886962829999393,0.0,5.8798697170000525,0
76,2024-03-13 08:00:00+00:00,2024-03-25 14:10:00+00:00,73000.58205,2215.384352100276,2225.0410453275767,9.65669322730082,0.004358924544242582,trailing_stop_same_bar,3,1101.9232,1.0890971959883555,1.0891001547108463,0.0,10.745790423289407,1
77,2024-03-25 16:00:00+00:00,2024-03-25 19:05:00+00:00,69879.42225,2225.0410453275767,2227.6771121070815,2.6360667795047448,0.0011847272593197289,trailing_stop_same_bar,0,283.996,0.28097621049500004,0.2809770099999732,0.0,2.9170429900000454,1
78,2024-03-25 20:00:00+00:00,2024-04-04 18:00:00+00:00,71055.1098,2227.6771121070815,2236.628758830122,8.95164672304054,0.004018377113267357,trailing_stop_same_bar,2,831.9564,0.8208646623073261,0.820867310651869,0.0,9.772511385347928,1
79,2024-04-04 20:00:00+00:00,2024-04-06 23:05:00+00:00,68518.14194999999,2236.628758830122,2239.1889772079217,2.560218377799629,0.0011446773934620236,trailing_stop_same_bar,0,278.832,0.2754904222,0.2754911999999895,0.0,2.835708800000022,1
80,2024-04-07 00:00:00+00:00,2024-04-07 16:15:00+00:00,68935.95074999999,2239.1889772079217,2242.4239761554218,3.2349989475001166,0.0014447190390933784,trailing_stop_same_bar,0,280.8,0.2775000525,0.2775009999999311,0.0,3.512499000000069,1
81,2024-04-07 20:00:00+00:00,2024-04-08 07:30:00+00:00,69124.545,2242.4239761554218,2245.9479763756217,3.524000220199923,0.001571513798314772,trailing_stop_same_bar,0,282.0,0.27839937979999996,0.2784003999999841,0.0,3.802399600000004,1
82,2024-04-08 08:00:00+00:00,2024-04-08 08:50:00+00:00,70780.77269999999,2245.9479763756217,2247.682910551422,1.7349341758003902,0.0007724730020683968,trailing_stop_same_bar,0,289.152,0.28413262419999996,0.284133199999982,0.0,2.01906680000003,1
83,2024-04-08 12:00:00+00:00,2024-05-20 17:10:00+00:00,72508.8363,2247.682910551422,2258.591882142384,10.908971590961755,0.00485342996547744,trailing_stop_same_bar,3,1095.248,1.082419824292373,1.0824230927458847,0.0,11.99139141525398,1
84,2024-05-20 20:00:00+00:00,2024-05-20 23:20:00+00:00,70031.49824999999,2258.591882142384,2259.810530187484,1.2186480451000534,0.0005395609781189137,trailing_stop_same_bar,0,284.8316,0.28087575490000005,0.2808761999999406,0.0,1.4995238000000828,1
85,2024-05-21 00:00:00+00:00,2024-06-04 18:55:00+00:00,71502.23324999999,2259.810530187484,2264.574540060496,4.764009873012128,0.002108145709285081,trailing_stop,1,569.1712,0.5633784871479199,0.5633799598399782,0.0,5.327388360160054,0
86,2024-06-04 20:00:00+00:00,2024-06-05 15:45:00+00:00,70494.32955,2264.574540060496,2267.902732474436,3.328192413940087,0.0014696766898436575,trailing_stop,0,287.168,0.28378330606,0.2837842799999635,0.0,3.611975719999988,0
87,2024-06-05 16:00:00+00:00,2024-07-20 17:15:00+00:00,71661.01259999999,2267.902732474436,2275.2524600853076,7.349727610871469,0.0032407596259000915,trailing_stop_same_bar,3,1082.3792,1.068046716836146,1.068049088291853,0.0,8.417774327708175,1
88,2024-07-20 20:00:00+00:00,2024-07-21 21:35:00+00:00,67228.5975,2275.2524600853076,2277.7503378785573,2.4978777932496996,0.0010978464311410807,trailing_stop_same_bar,0,341.463,0.33756070675000005,0.33756150000001073,0.0,2.8354385000000186,1
89,2024-07-22 00:00:00+00:00,2024-07-26 14:05:00+00:00,68172.069,2277.7503378785573,2282.8507333595094,5.100395480952102,0.0022392249914897633,trailing_stop,1,611.8416,0.60562499056824,0.6056265684799146,0.0,5.706020471520126,0
90,2024-07-26 16:00:00+00:00,2024-07-27 13:10:00+00:00,67561.66394999999,2282.8507333595094,2287.060565582009,4.209832222499699,0.001844111908405166,trailing_stop_same_bar,0,344.38,0.3400832775,0.340084499999939,0.0,4.549915500000061,1
91,2024-07-27 16:00:00+00:00,2024-07-29 13:05:00+00:00,68856.31094999998,2287.060565582009,2290.141136510704,3.080570928695124,0.0013469564274137813,trailing_stop_same_bar,0,280.324,0.27710408130499997,0.27710498999996347,0.0,3.3576750100000647,1
92,2024-07-29 16:00:00+00:00,2024-08-08 21:55:00+00:00,68101.33365,2290.141136510704,2290.3709474142397,0.22981090353550826,0.00010034792173807539,trailing_stop_same_bar,4,1411.2570000000003,1.3892384036963845,1.3892391557683732,0.0,1.619049307231697,1
93,2024-08-09 00:00:00+00:00,2024-08-13 17:20:00+00:00,61690.6299,2290.3709474142397,2296.0840936779455,5.713146263705767,0.0024944196354550474,trailing_stop,1,614.415,0.60787674203463,0.6078784742599237,0.0,6.321023005740135,0
94,2024-08-13 20:00:00+00:00,2024-08-14 12:25:00+00:00,60824.897249999995,2296.0840936779455,2298.6994229845704,2.6153293066249717,0.0011390389898289222,trailing_stop_same_bar,0,308.885,0.305584943375,0.3055857499999547,0.0,2.92091425000006,1
95,2024-08-14 16:00:00+00:00,2024-08-16 17:55:00+00:00,59426.59845,2298.6994229845704,2304.144171905967,5.444748921396695,0.0023686215200451333,trailing_stop_same_bar,1,593.5,0.5855384323231401,0.5855400862799798,0.0,6.03028735372005,1
96,2024-08-16 20:00:00+00:00,2024-08-20 00:30:00+00:00,59679.12465,2304.144171905967,2306.729994202342,2.585822296374772,0.0011222484807604793,trailing_stop_same_bar,0,303.319,0.299838453625,0.29983924999996814,0.0,2.885660750000061,1
97,2024-08-20 04:00:00+00:00,2024-08-21 20:05:00+00:00,60618.79425,2306.729994202342,2310.6017806703803,3.871786468038408,0.0016784740640516382,trailing_stop,0,308.96950000000004,0.305182455711875,0.30518357624998316,0.0,4.1769689237500645,0
98,2024-08-22 00:00:00+00:00,2024-08-23 14:10:00+00:00,61150.56,2310.6017806703803,2313.0824864441306,2.4807057737502873,0.001073618913697283,trailing_stop_same_bar,0,310.5,0.30714672625,0.3071474999999555,0.0,2.7878525000000445,1
99,2024-08-23 16:00:00+00:00,2024-08-23 17:45:00+00:00,61529.349299999994,2313.0824864441306,2316.1867783748808,3.1042919307501506,0.0013420584648160538,trailing_stop_same_bar,0,314.605,0.30935356925,0.30935449999997217,0.0,3.4136454999999843,1
100,2024-08-23 20:00:00+00:00,2024-08-23 21:20:00+00:00,63609.1887,2316.1867783748808,2317.3202338176307,1.1334554427498915,0.0004893627117348309,trailing_stop_same_bar,0,325.0,0.31877205725,0.3187724999999773,0.0,1.4522274999999718,1
101,2024-08-24 00:00:00+00:00,2024-08-25 23:25:00+00:00,64052.009999999995,2317.3202338176307,2319.6465650600057,2.3263312423750904,0.0010038885469629832,trailing_stop_same_bar,0,325.877,0.321584007625,0.32158474999996545,0.0,2.647915250000042,1
102,2024-08-26 00:00:00+00:00,2024-09-14 02:45:00+00:00,64222.195049999995,2319.6465650600057,2333.449824179414,13.803259119408267,0.005950587183117362,trailing_stop,3,1151.343,1.1375430907524198,1.1375471103395975,0.0,14.940802210160767,0
103,2024-09-14 04:00:00+00:00,2024-09-17 14:20:00+00:00,60320.645249999994,2333.449824179414,2340.4730324355646,7.02320825615061,0.0030097961324797584,trailing_stop_same_bar,1,602.5,0.5950962452493,0.5950982985999145,0.0,7.618304501400053,1
104,2024-09-17 16:00:00+00:00,2024-09-19 00:00:00+00:00,61141.555499999995,2340.4730324355646,2342.9803017159397,2.5072692803751124,0.0010712660413634278,trailing_stop_same_bar,0,310.5675,0.30711496962499996,0.3071157499999754,0.0,2.8143842500000393,1
105,2024-09-19 04:00:00+00:00,2024-09-19 12:05:00+00:00,62117.643299999996,2342.9803017159397,2345.6061865284396,2.625884812499862,0.0011207455780044562,trailing_stop_same_bar,0,316.0,0.3120571875,0.31205799999996087,0.0,2.937942000000039,1
106,2024-09-19 16:00:00+00:00,2024-09-20 04:05:00+00:00,63160.56449999999,2345.6061865284396,2348.356844542273,2.7506580138333447,0.0011726853508620128,trailing_stop_same_bar,0,320.63349999999997,0.317336819916875,0.3173376662499504,0.0,3.067994833749981,1
107,2024-09-20 08:00:00+00:00,2024-09-23 03:30:00+00:00,63526.24724999999,2348.356844542273,2352.2507472956177,3.893902753344719,0.001658139291051297,trailing_stop,0,323.624,0.319738056655,0.31973918999996387,0.0,4.213640810000034,0
108,2024-09-23 04:00:00+00:00,2024-09-26 15:30:00+00:00,64352.26005,2352.2507472956177,2354.872279112618,2.621531817000232,0.0011144780461922466,trailing_stop_same_bar,0,327.329,0.323233683,0.3232344999999623,0.0,2.9447655000000306,1
109,2024-09-26 16:00:00+00:00,2024-09-27 14:20:00+00:00,65232.6,2354.872279112618,2358.1413550938682,3.269075981250353,0.001388217955702542,trailing_stop_same_bar,0,331.6995,0.32796151875,0.3279624999999578,0.0,3.597037500000042,1
110,2024-09-27 16:00:00+00:00,2024-10-07 14:15:00+00:00,66007.08705,2358.1413550938682,2366.076785771139,7.935430677270688,0.00336512086526497,trailing_stop_same_bar,2,897.8718000000001,0.8885237725545876,0.8885262006745906,0.0,8.823954449825369,1
111,2024-10-07 16:00:00+00:00,2024-10-11 19:05:00+00:00,63651.91005,2366.076785771139,2370.3623212474818,4.2855354763428295,0.001811241081487669,trailing_stop_same_bar,1,633.5,0.62639744953706,0.6263988341199365,0.0,4.911932925880101,1
112,2024-10-11 20:00:00+00:00,2024-10-14 03:40:00+00:00,63073.821149999996,2370.3623212474818,2373.634492724107,3.272171476625317,0.0013804520293350109,trailing_stop_same_bar,0,320.7275,0.317163773375,0.31716474999993804,0.0,3.5893352500000764,1
113,2024-10-14 04:00:00+00:00,2024-10-14 13:45:00+00:00,64312.9404,2373.634492724107,2376.4332405853575,2.7987478612503764,0.001179098075053009,trailing_stop_same_bar,0,326.4995,0.32312563875000005,0.3231264999999621,0.0,3.121873500000038,1
114,2024-10-14 16:00:00+00:00,2024-10-15 13:50:00+00:00,65883.82544999999,2376.4332405853575,2380.4705322604827,4.037291675125289,0.0016988870573662052,trailing_stop_same_bar,0,336.322,0.33160357487500003,0.3316047499999695,0.0,4.36889525000006,1
115,2024-10-15 16:00:00+00:00,2024-10-15 16:40:00+00:00,66027.69734999999,2380.4705322604827,2384.1880270334386,3.717494772955888,0.0015616638486282142,trailing_stop_same_bar,0,336.0355,0.332163315794375,0.33216441124990526,0.0,4.049658088750148,1
116,2024-10-15 20:00:00+00:00,2024-10-16 11:25:00+00:00,66970.4685,2384.1880270334386,2388.153868343401,3.965841309962343,0.0016633928469547143,trailing_stop_same_bar,0,341.03000000000003,0.3370037650375,0.3370049250000011,0.0,4.302845075000005,1
117,2024-10-16 12:00:00+00:00,2024-10-18 19:35:00+00:00,67906.23615,2388.153868343401,2391.384732821776,3.2308644783752243,0.0013528711534054327,trailing_stop,0,345.0,0.34131727162500003,0.3413182499999675,0.0,3.572181750000018,0
118,2024-10-18 20:00:00+00:00,2024-10-24 21:25:00+00:00,68616.59115,2391.384732821776,2400.2472290296046,8.862496207828372,0.0037060101982715477,trailing_stop,1,619.5825000000001,0.6114393774136291,0.6114418987579266,0.0,9.473935585242202,0
119,2024-10-25 00:00:00+00:00,2024-10-28 13:50:00+00:00,68207.8869,2400.2472290296046,2403.3214297720288,3.074200742424182,0.0012807850396590048,trailing_stop,0,346.36050000000006,0.342747908825625,0.3427488487499795,0.0,3.416948651250059,0
120,2024-10-28 16:00:00+00:00,2024-10-28 19:10:00+00:00,68493.32955,2403.3214297720288,2406.7792782236747,3.4578484516459866,0.0014387790200722783,trailing_stop_same_bar,0,348.18300000000005,0.34436775585375,0.344368792499954,0.0,3.8022162075000234,1
121,2024-10-28 20:00:00+00:00,2024-10-29 02:10:00+00:00,69600.88305,2406.7792782236747,2411.3078890310494,4.528610807374662,0.0018816061981044019,trailing_stop_same_bar,0,355.375,0.350443942625,0.3504452499999752,0.0,4.879054749999995,1
122,2024-10-29 04:00:00+00:00,2024-10-29 15:30:00+00:00,70962.86369999999,2411.3078890310494,2414.671953635403,3.3640646043536435,0.0013951203078033103,trailing_stop,0,360.517,0.35667468814625,0.3566757074999623,0.0,3.7207392925000025,0
123,2024-10-29 16:00:00+00:00,2024-10-29 19:05:00+00:00,72411.08744999999,2414.671953635403,2418.1096425743035,3.4376889389004646,0.001423667067373291,trailing_stop_same_bar,0,367.87949999999995,0.36395625984937496,0.363957301249975,0.0,3.8016451987500477,1
124,2024-10-29 20:00:00+00:00,2024-11-06 02:25:00+00:00,72570.8673,2418.1096425743035,2423.6516064834386,5.54196390913512,0.002291857991697732,trailing_stop_same_bar,1,580.3335999999999,0.5721519936486081,0.572153665215883,0.0,6.114115902784164,1
125,2024-11-06 04:00:00+00:00,2024-11-06 19:30:00+00:00,74404.28355000001,2423.6516064834386,2426.2553625899122,2.603756106473611,0.001074311216805457,trailing_stop,0,302.1812,0.29906854652650006,0.2990693469999824,0.0,2.9028246529999886,0
126,2024-11-06 20:00:00+00:00,2024-11-08 18:35:00+00:00,75855.80894999999,2426.2553625899122,2429.111558052463,2.8561954625506587,0.001177203152887385,trailing_stop_same_bar,0,308.2792,0.305003835449,0.30500470199994745,0.0,3.1611992980000796,1
127,2024-11-08 20:00:00+00:00,2024-11-10 04:35:00+00:00,76932.84719999999,2429.111558052463,2431.7531456654633,2.641587613000411,0.001087470686244707,trailing_stop_same_bar,0,312.39959999999996,0.3092067859995,0.3092076009999728,0.0,2.950794399000006,1
128,2024-11-10 08:00:00+00:00,2024-11-10 11:10:00+00:00,78897.62909999999,2431.7531456654633,2434.4385612953633,2.685415629900035,0.0011043125963203781,trailing_stop_same_bar,0,320.712,0.3170917701,0.3170925999999745,0.0,3.0025074000000607,1
129,2024-11-10 12:00:00+00:00,2024-11-10 18:25:00+00:00,79966.66334999999,2434.4385612953633,2437.2033409472633,2.764779651899971,0.0011356949794736337,trailing_stop_same_bar,0,324.796,0.3214097481,0.3214105999999447,0.0,3.0861894000000905,1
130,2024-11-10 20:00:00+00:00,2024-11-10 22:20:00+00:00,79833.29669999999,2437.2033409472633,2440.7160395860633,3.512698638799975,0.0014412825470011548,trailing_stop_same_bar,0,326.79920000000004,0.32125016119999994,0.3212511999999988,0.0,3.833948800000013,1
131,2024-11-11 00:00:00+00:00,2024-11-11 01:50:00+00:00,80450.10495,2440.7160395860633,2444.0282259519195,3.312186365856178,0.0013570551887789328,trailing_stop_same_bar,0,327.2352,0.32361832214400005,0.3236193119999953,0.0,3.635804688000062,1
132,2024-11-11 04:00:00+00:00,2024-11-11 15:15:00+00:00,81703.13115,2444.0282259519195,2448.578919654219,4.550693702299668,0.0018619644625941234,trailing_stop_same_bar,0,333.6,0.3292524977000001,0.32925379999994764,0.0,4.879946200000064,1
133,2024-11-11 16:00:00+00:00,2024-11-11 18:45:00+00:00,84156.15705,2448.578919654219,2452.151666008696,3.572746354476749,0.0014591101498910852,trailing_stop_same_bar,0,342.4184,0.338580291523,0.3385813539999072,0.0,3.911326646000089,1
134,2024-11-11 20:00:00+00:00,2024-11-11 21:15:00+00:00,86223.99044999998,2452.151666008696,2455.746731080896,3.5950650722002138,0.0014660859367037204,trailing_stop_same_bar,0,351.6904,0.3468669278,0.34686799999995854,0.0,3.941932000000088,1
135,2024-11-12 00:00:00+00:00,2024-11-12 18:35:00+00:00,88773.3645,2455.746731080896,2462.3498296041603,6.60309852326418,0.0026888353101290896,trailing_stop,1,621.523,0.6144973793561901,0.6144993373799079,0.0,7.217595902620146,0
136,2024-11-12 20:00:00+00:00,2024-11-13 14:30:00+00:00,88807.28145,2462.3498296041603,2465.98537749166,3.635547887499797,0.0014764546628551756,trailing_stop_same_bar,0,364.7996,0.3572255125,0.3572265999999945,0.0,3.9927734000000057,1
137,2024-11-13 16:00:00+00:00,2024-11-18 06:55:00+00:00,92654.30399999999,2465.98537749166,2468.6562821171415,2.6709046254813984,0.0010830983224232593,trailing_stop_same_bar,1,553.4412,0.5465494567588799,0.5465503977599001,0.0,3.2174540822400597,1
138,2024-11-18 08:00:00+00:00,2024-11-19 17:40:00+00:00,91841.79795,2468.6562821171415,2472.202952666472,3.546670549330429,0.0014366805840984043,trailing_stop,0,373.3356,0.3693251896695,0.36932626099995103,0.0,3.9159957390000346,0
139,2024-11-19 20:00:00+00:00,2024-11-20 14:35:00+00:00,93318.2358,2472.202952666472,2474.8030624556973,2.600109789225371,0.001051738000078517,trailing_stop,0,284.3997,0.281395460024625,0.2813962507499673,0.0,2.8815052492499382,0
140,2024-11-20 16:00:00+00:00,2024-11-21 04:00:00+00:00,94784.9688,2474.8030624556973,2477.3889801450723,2.5859176893750373,0.0010448983713513549,trailing_stop_same_bar,0,289.8411,0.28579076062500003,0.28579154999996537,0.0,2.8717084500000345,1
141,2024-11-21 08:00:00+00:00,2024-11-21 18:30:00+00:00,96998.47499999999,2477.3889801450723,2479.976310236623,2.587330091550484,0.0010443778156303818,trailing_stop_same_bar,0,295.49969999999996,0.292435307699625,0.2924361007499392,0.0,2.879765399250071,1
142,2024-11-21 20:00:00+00:00,2024-11-22 03:25:00+00:00,97940.44575,2479.976310236623,2482.462175715695,2.485865479072345,0.0010023746875369444,trailing_stop,0,298.242,0.2952118759275,0.29521264499996325,0.0,2.781077355000016,0
143,2024-11-22 04:00:00+00:00,2024-11-29 15:25:00+00:00,98938.34444999999,2482.462175715695,2489.0005190939964,6.538343378301306,0.0026338138974528746,trailing_stop,1,592.2798,0.585461839190754,0.5854637665079063,0.0,7.123805217492103,0
144,2024-11-29 16:00:00+00:00,2024-12-04 20:05:00+00:00,98125.33815,2489.0005190939964,2494.9263007197565,5.92578162576001,0.0023807876214976265,trailing_stop_same_bar,1,587.13,0.580371365304468,0.5803731369359011,0.0,6.506152991064097,1
145,2024-12-05 00:00:00+00:00,2024-12-05 02:30:00+00:00,98719.1349,2494.9263007197565,2496.3809337319312,1.4546330121747815,0.0005830364655481368,trailing_stop_same_bar,0,302.664,0.297033237825,0.2970337499999878,0.0,1.7516662499999949,1
146,2024-12-05 04:00:00+00:00,2024-12-06 17:40:00+00:00,103136.24234999999,2496.3809337319312,2504.860154695143,8.479220963211901,0.0033966054012983804,trailing_stop_same_bar,2,907.4241000000001,0.8929784434966459,0.892981009791678,0.0,9.372199406708416,1
147,2024-12-06 20:00:00+00:00,2024-12-11 16:35:00+00:00,101583.3663,2504.860154695143,2509.9534306506707,5.093275955527588,0.0020333574095865448,trailing_stop,1,606.4842,0.6003032635009861,0.6003048369719473,0.0,5.693579219028092,0
148,2024-12-11 20:00:00+00:00,2024-12-15 04:20:00+00:00,101144.7471,2509.9534306506707,2513.216892519146,3.263461868475133,0.0013002081347897043,trailing_stop_same_bar,0,308.7,0.30521858152500003,0.3052195499999507,0.0,3.568680450000058,1
149,2024-12-15 08:00:00+00:00,2024-12-15 12:55:00+00:00,101722.6359,2513.216892519146,2516.1244070339126,2.907514514766717,0.0011568896116451732,trailing_stop,0,310.0869,0.306775052483625,0.3067759327499662,0.0,3.2142895672500456,0
150,2024-12-15 16:00:00+00:00,2024-12-15 23:20:00+00:00,102719.83425,2516.1244070339126,2519.436265216863,3.3118581829503455,0.0013162537486985926,trailing_stop_same_bar,0,315.0,0.30997041705,0.3099713999999949,0.0,3.621828600000023,1
151,2024-12-16 00:00:00+00:00,2024-12-16 00:30:00+00:00,104512.73025,2519.436265216863,2521.170839107788,1.734573890925276,0.000688476987837694,trailing_stop_same_bar,0,319.65930000000003,0.314562759075,0.31456334999995306,0.0,2.0491366499999857,1
152,2024-12-16 04:00:00+00:00,2024-12-16 15:15:00+00:00,104612.28,2521.170839107788,2524.0311638055823,2.8603246977941126,0.0011345223629535273,trailing_stop_same_bar,0,318.765,0.31542471470625,0.3154255874999799,0.0,3.175749412500038,1
153,2024-12-16 16:00:00+00:00,2024-12-17 15:00:00+00:00,106334.24055,2524.0311638055823,2528.020444765482,3.989280959899588,0.001580519692904625,trailing_stop,0,325.10040000000004,0.3211579411005,0.3211590989999677,0.0,4.310438901000016,0
154,2024-12-17 16:00:00+00:00,2025-01-15 20:25:00+00:00,106483.11494999999,2528.020444765482,2542.503425748899,14.482980983417292,0.005728980955595375,trailing_stop,3,1207.9068,1.1934281278113859,1.1934323452716054,0.0,15.676409111228306,0
155,2025-01-16 00:00:00+00:00,2025-01-17 02:35:00+00:00,100510.23,2542.503425748899,2545.386272026673,2.8828462777737514,0.0011338613150244647,trailing_stop,0,306.4011,0.303123674976375,0.30312454724998683,0.0,3.185969952750005,0
156,2025-01-17 04:00:00+00:00,2025-01-17 13:35:00+00:00,101055.70259999999,2545.386272026673,2549.0458240421362,3.659552015463305,0.0014377197110242435,trailing_stop,0,308.82959999999997,0.30514945853700004,0.3051505259999394,0.0,3.9647014740000595,0
157,2025-01-17 16:00:00+00:00,2025-01-17 19:30:00+00:00,103998.27315,2549.0458240421362,2552.2217018349756,3.175877792839401,0.0012459084740199522,trailing_stop,0,317.2284,0.3137396281605,0.3137405789999611,0.0,3.4896174210000175,0
158,2025-01-17 20:00:00+00:00,2025-01-20 06:45:00+00:00,105823.88549999999,2552.2217018349756,2557.0136993152882,4.791997480312602,0.0018775788470364319,trailing_stop_same_bar,1,640.4022,0.62510538456756,0.6251068951199268,0.0,5.417102864880056,1
159,2025-01-20 08:00:00+00:00,2025-01-20 09:05:00+00:00,107232.3894,2557.0136993152882,2560.286207995163,3.2725086798745906,0.001279816639524034,trailing_stop_same_bar,0,327.9024,0.32349517012500006,0.32349614999999177,0.0,3.596003850000008,1
160,2025-01-20 12:00:00+00:00,2025-01-30 05:45:00+00:00,108321.7338,2560.286207995163,2571.250764263638,10.964556268475008,0.00428255100317898,trailing_stop,2,950.0805000000001,0.9389057014662796,0.9389089120589633,0.0,11.903461969941143,0
161,2025-01-30 08:00:00+00:00,2025-02-03 22:05:00+00:00,105137.7426,2571.250764263638,2580.4054984856184,9.154734221980561,0.0035604206128849736,trailing_stop_same_bar,2,922.1040000000002,0.9105635240269967,0.9105662679928356,0.0,10.065297746007245,1
162,2025-02-04 00:00:00+00:00,2025-04-22 15:00:00+00:00,101344.2468,2580.4054984856184,2601.6429134058826,21.2374149202642,0.008230262620633866,trailing_stop_same_bar,4,1459.2784,1.4398410192302529,1.4398470485057915,0.0,22.677255939494586,1
163,2025-04-22 16:00:00+00:00,2025-04-22 21:45:00+00:00,90926.54055,2601.6429134058826,2603.7658125190824,2.1228991131997645,0.0008159840469499358,trailing_stop_same_bar,0,376.57,0.3649500868000001,0.36495079999999147,0.0,2.4878491999999968,1
164,2025-04-23 00:00:00+00:00,2025-04-23 13:35:00+00:00,93451.60244999999,2603.7658125190824,2605.1967934641825,1.4309809451001456,0.0005495812788616217,trailing_stop_same_bar,0,379.6172,0.37470925490000007,0.37470979999995324,0.0,1.80569020000007,1
165,2025-04-23 16:00:00+00:00,2025-04-25 12:25:00+00:00,93186.87015,2605.1967934641825,2609.9849336488824,4.7881401846998415,0.0018379188077892739,trailing_stop,0,380.0,0.3753292153,0.37533059999998664,0.0,5.163469400000002,0
166,2025-04-25 16:00:00+00:00,2025-05-01 13:35:00+00:00,95047.2999,2609.9849336488824,2614.1345819175226,4.149648268640249,0.0015899127290512904,trailing_stop,0,386.848,0.38245525136,0.38245647999993526,0.0,4.532103520000063,0
167,2025-05-01 16:00:00+00:00,2025-05-08 01:00:00+00:00,96842.29694999999,2614.1345819175226,2617.0809072486227,2.94632533110007,0.0011270748459089042,trailing_stop_same_bar,0,393.40000000000003,0.3890368689,0.38903779999993277,0.0,3.3353622000000906,1
168,2025-05-08 04:00:00+00:00,2025-05-08 15:20:00+00:00,99147.549,2617.0809072486227,2618.3810231227726,1.300115874149924,0.00049678092509442,trailing_stop_same_bar,0,302.799,0.29824182585000003,0.29824229999998353,0.0,1.5983577000000078,1
169,2025-05-08 16:00:00+00:00,2025-05-08 21:00:00+00:00,100781.26544999999,2618.3810231227726,2622.572955305552,4.19193218277951,0.0016009633990472505,trailing_stop,0,308.5365,0.304592058470625,0.3045932587499701,0.0,4.496524241250067,0
170,2025-05-09 00:00:00+00:00,2025-05-10 23:15:00+00:00,103279.614,2622.572955305552,2624.151287955527,1.578332649974982,0.0006018260223350502,trailing_stop_same_bar,0,314.547,0.31078340002500005,0.31078394999999726,0.0,1.8891160500000115,1
171,2025-05-11 00:00:00+00:00,2025-05-18 23:50:00+00:00,104841.1944,2624.151287955527,2626.7308444584023,2.5795565028752208,0.0009830060159699006,trailing_stop_same_bar,0,319.30830000000003,0.31597134712499997,0.3159721499999432,0.0,2.8955278500001005,1
172,2025-05-19 00:00:00+00:00,2025-05-20 00:20:00+00:00,106460.70375,2626.7308444584023,2635.2737181216858,8.542873663283444,0.003252283606181461,trailing_stop,1,639.2472,0.63072904281645,0.6307314938999626,0.0,9.173602706100064,0
173,2025-05-20 04:00:00+00:00,2025-05-21 04:35:00+00:00,105772.86,2635.2737181216858,2638.141992898211,2.8682747765251406,0.0010884162646185302,trailing_stop_same_bar,0,323.1,0.318912173475,0.3189130499999737,0.0,3.1871869500000174,1
174,2025-05-21 08:00:00+00:00,2025-05-21 14:55:00+00:00,106516.93185,2638.141992898211,2643.159450213686,5.017457315474985,0.00190189054606682,trailing_stop_same_bar,0,326.964,0.32222063452500005,0.3222220499999821,0.0,5.339677950000027,1
175,2025-05-21 16:00:00+00:00,2025-05-21 23:25:00+00:00,108991.0683,2643.159450213686,2645.4231111437357,2.2636609300498094,0.0008564223886935451,trailing_stop_same_bar,0,332.49,0.32826916995,0.32826989999994116,0.0,2.5919301000000416,1
176,2025-05-22 00:00:00+00:00,2025-05-22 03:40:00+00:00,109664.4048,2645.4231111437357,2648.1784379978358,2.755326854100076,0.0010415448638416702,trailing_stop_same_bar,0,334.5,0.3305361459,0.33053699999996755,0.0,3.0858629999999976,1
177,2025-05-22 04:00:00+00:00,2025-06-09 21:25:00+00:00,111811.77794999999,2648.1784379978358,2668.6951415400927,20.51670354225689,0.007747477755980947,trailing_stop_same_bar,2,995.4900000000001,0.9737582710933248,0.9737638871496457,0.0,21.49046181335053,1
178,2025-06-10 00:00:00+00:00,2025-06-25 14:15:00+00:00,110283.11399999999,2668.6951415400927,2685.402500893234,16.707359353141328,0.006260497534199327,trailing_stop,2,972.8613000000001,0.9586799753390101,0.9586846315199073,0.0,17.666039328480228,0
179,2025-06-25 16:00:00+00:00,2025-06-30 05:30:00+00:00,107036.19135,2685.402500893234,2688.528675294694,3.126174401460048,0.0011641362516121578,trailing_stop,0,326.3517,0.322833077789625,0.32283402074997136,0.0,3.4490074792499654,0
180,2025-06-30 08:00:00+00:00,2025-07-02 16:05:00+00:00,107616.3813,2688.528675294694,2691.771308767669,3.2426334729748305,0.0012060996420726333,trailing_stop_same_bar,0,328.86,0.32463277702500004,0.32463374999993544,0.0,3.5672662500000296,1
181,2025-07-02 20:00:00+00:00,2025-07-09 20:05:00+00:00,109676.6109,2691.771308767669,2696.6724629107807,4.901154143111853,0.0018207914346763943,trailing_stop,0,336.1104,0.331646232888,0.33164762399999015,0.0,5.232800376000029,0
182,2025-07-10 00:00:00+00:00,2025-07-10 17:05:00+00:00,111255.3999,2696.6724629107807,2700.3626035012057,3.690140590425017,0.001368405188682864,trailing_stop_same_bar,0,339.7872,0.33577915957500004,0.33578024999999617,0.0,4.025919749999987,1
183,2025-07-10 20:00:00+00:00,2025-07-10 21:15:00+00:00,113302.72305,2700.3626035012057,2700.811797383656,0.449193882450345,0.00016634576477536633,trailing_stop_same_bar,0,352.5,0.34030291755000003,0.3403031999999512,0.0,0.7894968000000226,1
184,2025-07-11 00:00:00+00:00,2025-07-11 05:45:00+00:00,116037.1896,2700.811797383656,2705.5846108906962,4.772813507040155,0.0017671773766922971,trailing_stop_same_bar,0,355.1877,0.35067331220962505,0.35067468074997304,0.0,5.123486819250014,1
185,2025-07-11 08:00:00+00:00,2025-07-13 14:15:00+00:00,117581.46135,2705.5846108906962,2708.0335182799963,2.448907389300075,0.0009051305878375882,trailing_stop_same_bar,0,358.96500000000003,0.3541459107,0.35414669999998294,0.0,2.8030533000000433,1
186,2025-07-13 16:00:00+00:00,2025-07-14 03:40:00+00:00,118669.9053,2708.0335182799963,2711.3579155900215,3.3243973100252333,0.00122760567311464,trailing_stop_same_bar,0,365.40000000000003,0.357850839975,0.3578518499999482,0.0,3.682248150000043,1
187,2025-07-14 04:00:00+00:00,2025-07-14 05:20:00+00:00,120793.56659999999,2711.3579155900215,2712.6570912964216,1.2991757064000922,0.0004791605338896332,trailing_stop_same_bar,0,368.4447,0.3632118936,0.36321239999996036,0.0,1.662387600000031,1
188,2025-07-14 08:00:00+00:00,2025-08-13 21:45:00+00:00,122792.3655,2712.6570912964216,2719.719516811814,7.062425515392533,0.0026035083970077366,trailing_stop,1,615.3095,0.608091577477315,0.6080936471299501,0.0,7.670517092870068,0
189,2025-08-14 00:00:00+00:00,2025-10-02 16:40:00+00:00,123385.56194999999,2719.719516811814,2731.620086271696,11.900569459881808,0.004375660573202156,trailing_stop,2,962.328,0.9506120110845169,0.9506154615337146,0.0,12.851181470966315,0
190,2025-10-02 20:00:00+00:00,2025-10-03 16:00:00+00:00,120848.1939,2731.620086271696,2735.243108459721,3.623022188025061,0.0013263272613324162,trailing_stop_same_bar,0,368.6127,0.364538361975,0.3645394499999529,0.0,3.987560550000082,1
191,2025-10-03 20:00:00+00:00,2025-10-05 04:45:00+00:00,122670.60465,2735.243108459721,2739.482773604796,4.239665145074923,0.001550014012269063,trailing_stop_same_bar,0,377.63190000000003,0.37031680492499996,0.370318049999958,0.0,4.609981950000016,1
192,2025-10-05 08:00:00+00:00,2026-08-31 23:55:00+00:00,124754.84624999999,2739.482773604796,2306.593037945724,-432.8897356590719,-0.1580187836295267,open_at_test_end,5,1490.9165999999998,0.9229298029280717,0.9224685686436425,0.0,0.0,0
